Location,Time,TPopulation1Jan,TPopulationMale1July,TPopulationFemale1July,PopDensity,PopSexRatio,MedianAgePop,PopGrowthRate,Births,CBR,CDR,LEx,LExMale,LExFemale,LE15Male,LE15Female,LE65Male,LE65Female,LE80Male,LE80Female,IMR,LBsurvivingAge1,Q5,Q0040Male,Q0040Female,Q0060Male,Q0060Female,Q1550Male,Q1550Female,Q1560Male,Q1560Female,CNMR
China,1950,539190.005,280086.872,263892.362,56.6645,106.1368,22.2459,1.761,22350.731,41.049,23.192,43.7383,42.1145,45.6072,41.5822,45.4871,8.2552,9.9404,3.9911,4.4425,131.8054,20286.065,207.9062,398.4736,372.2687,643.7203,558.4043,308.7362,255.0254,512.4424,404.6381,-0.265
China,1951,548768.461,284806.732,268807.256,57.6681,105.952,21.9448,1.751,22197.814,40.094,22.412,44.5742,42.9824,46.3854,42.1499,45.9445,8.3728,10.0395,4.0258,4.446,128.5373,20198.115,201.7995,385.4894,361.3105,628.7047,545.8347,296.7936,247.053,497.6801,393.8798,-0.177
China,1952,558459.515,290417.889,274536.633,58.8494,105.7847,21.6114,2.299,25480.19,45.052,21.97,45.4143,43.7918,47.2541,42.5561,46.397,8.4347,10.1435,4.0269,4.4527,125.1266,23245.706,195.493,373.1789,349.0278,615.828,532.3049,288.0087,239.2722,486.7996,383.3733,-0.114
China,1953,571449.53,296602.92,280775.763,60.1436,105.6369,21.2678,2.054,24151.009,41.844,21.228,46.03,44.489,47.7561,43.1324,46.8219,8.5758,10.2416,4.0711,4.4574,122.1313,22083.786,189.9897,363.5054,342.3847,601.981,523.0872,276.4053,231.9848,471.6425,373.5948,-0.07
China,1954,583307.835,302872.643,287063.361,61.4517,105.5072,20.9536,2.247,25426.945,43.083,20.579,46.7536,45.1603,48.5342,43.5107,47.1822,8.6432,10.318,4.0755,4.454,120.468,23280.148,186.9541,353.4794,331.0385,590.3753,511.1367,268.4953,225.7074,461.404,365.3249,-0.043
China,1955,596564.173,309547.866,293772.281,62.8458,105.37,20.6797,2.24,25708.735,42.607,20.186,47.165,45.4494,49.0995,43.4622,47.3884,8.5136,10.3243,3.9705,4.4122,117.5465,23590.786,181.667,347.8135,322.4771,587.5392,502.9729,267.5835,221.5976,461.7491,360.4138,-0.028
China,1956,610076.12,315991.154,300291.868,64.1961,105.228,20.4559,2.014,24379.882,39.574,19.402,47.7271,46.0017,49.6654,43.7074,47.6325,8.5293,10.3557,3.9509,4.3913,114.7327,22419.486,176.6083,339.5333,314.194,578.7009,494.611,262.0634,216.9712,454.8539,354.8875,-0.021
China,1957,622489.923,322826.76,307176.264,65.6253,105.095,20.2014,2.385,27011.624,42.842,18.991,48.2609,46.5065,50.2269,43.9522,47.8899,8.5297,10.3943,3.9243,4.3785,112.1007,24889.436,171.8689,331.7019,306.0656,570.4874,486.2431,256.3175,212.0775,448.2145,349.2001,-0.019
China,1958,637516.126,329694.953,314096.628,67.0616,104.9661,19.9378,1.95,24301.954,37.775,18.238,48.7683,46.9704,50.7806,44.1463,48.1509,8.519,10.4402,3.8929,4.3733,109.2437,22441.312,166.7655,324.5827,298.2089,563.2898,478.054,251.6599,207.1455,442.8714,343.591,-0.028
China,1959,650067.035,333770.389,318408.805,67.9353,104.8245,19.8435,0.648,20457.256,31.406,24.832,39.696,38.2228,41.3801,40.5769,44.7749,7.5885,9.3445,3.5151,4.0103,157.0029,18206.232,261.6374,455.2513,426.3515,687.3646,607.9786,326.5676,261.7913,534.3609,421.5553,-0.089
China,1961,654050.032,334859.352,320401.028,68.2563,104.5126,20.0047,0.369,17152.672,26.185,22.216,40.4683,38.9816,42.1483,41.1033,45.2759,7.6303,9.4639,3.4791,4.0228,153.3855,15308.756,255.4696,442.9675,415.2788,674.8606,596.1383,314.1512,251.6345,521.1165,410.621,-0.273
China,1962,656470.729,339436.691,325177.959,69.2307,104.3849,19.8972,2.451,26932.558,40.402,15.64,50.8184,48.8128,53.0403,44.9781,49.2991,8.5489,10.7209,3.7741,4.3972,100.1032,25043.041,150.5577,297.0469,267.2198,533.5547,443.9048,232.9246,186.0496,420.3123,319.608,-0.329
China,1963,672758.57,349126.587,334776.97,71.24,104.2863,19.3868,3.26,33567.34,48.988,16.137,51.4082,49.4074,53.6083,45.3365,49.6128,8.6391,10.8166,3.7794,4.4106,97.7811,31266.974,146.4805,289.1033,259.8629,522.7804,435.0593,226.0623,180.5398,410.8342,313.046,-0.321
China,1964,695048.544,359543.811,345049.961,73.3952,104.2005,18.8339,2.71,30215.17,42.914,15.54,52.1561,50.157,54.3372,45.7748,50.0219,8.7724,10.9631,3.8083,4.4511,94.8829,28205.901,141.424,279.3754,250.863,509.355,423.6467,218.1241,173.9335,399.3416,304.5315,-0.26
China,1965,714138.999,369222.662,354623.687,75.4007,104.1168,18.4514,2.682,30282.564,41.83,14.835,52.9118,50.8676,55.1351,46.1772,50.5029,8.8901,11.1421,3.8317,4.511,91.8112,28334.006,136.0856,270.2086,241.3891,496.7928,410.9666,210.8857,166.5419,388.8347,294.6387,-0.178
China,1966,733553.699,378835.252,364113.289,77.3905,104.0432,18.1953,2.529,29388.14,39.562,14.168,53.6368,51.6385,55.7862,46.6586,50.8541,9.0777,11.2848,3.8965,4.5559,88.8761,27557.588,131.1023,261.3517,233.8053,482.6728,400.9741,203.3239,161.3938,376.4962,287.4701,-0.099
China,1967,752343.382,387933.43,373072.83,79.2715,103.9833,18.0812,2.277,27588.921,36.267,13.442,54.3512,52.3699,56.4663,47.1301,51.271,9.2461,11.4399,3.9542,4.6122,86.3527,25919.232,126.7994,252.7553,225.9194,469.1399,389.9445,195.7122,155.1584,364.5996,278.7982,-0.049
China,1968,769669.139,397723.08,382648.876,81.2887,103.9394,17.9995,2.743,31678.219,40.554,13.103,55.0569,53.1061,57.1226,47.6258,51.6732,9.4204,11.5878,4.0167,4.6685,83.9648,29814.06,122.7168,244.1959,218.3844,455.3821,379.2021,187.8203,149.2423,352.3318,270.3626,-0.048
China,1969,791074.773,408401.466,393029.51,83.4824,103.9111,17.9609,2.585,30923.151,38.589,12.651,55.7382,53.804,57.7744,48.0616,52.0668,9.5712,11.7348,4.0679,4.7288,81.499,29156.864,118.5417,236.0272,211.0212,442.7377,368.5351,181.0264,143.6422,341.6153,262.0897,-0.091
China,1970,811787.18,419118.743,403415.706,85.6807,103.8925,17.985,2.613,31541.15,38.337,12.058,56.607,54.6851,58.6166,48.5828,52.5287,9.7592,11.9196,4.1385,4.8135,78.0158,29812.3,112.6798,225.6806,201.5888,427.3969,355.2898,173.2075,137.5301,329.2022,252.6102,-0.154
China,1971,833281.72,429675.506,413609.918,87.8422,103.8842,18.0878,2.373,29749.961,35.288,11.343,57.5653,55.7031,59.4868,49.2344,53.0131,10.0209,12.1077,4.2478,4.9033,74.5065,28164.888,106.8262,214.4245,191.8823,409.4606,341.5258,164.1779,131.2099,314.2473,242.7246,-0.214
China,1972,853289.127,439630.744,423209.659,89.8792,103.8801,18.2618,2.214,28553.437,33.097,10.705,58.4184,56.525,60.3672,49.7002,53.5214,10.2011,12.3183,4.3133,5.011,71.1299,27076.626,101.2657,205.1172,182.495,395.5257,327.6681,157.8561,125.0274,303.5473,232.659,-0.25
China,1973,872391.679,449201.834,432450.246,91.8388,103.8736,18.4628,2.101,27608.339,31.317,10.064,59.3891,57.4488,61.3819,50.2585,54.174,10.4349,12.6125,4.4082,5.1699,67.7522,26225.742,95.7508,195.1326,172.517,379.8095,311.7353,150.7309,117.7477,291.1776,220.4218,-0.244
China,1974,890912.481,458195.834,441171.805,93.6841,103.8588,18.7088,1.88,25654.251,28.535,9.531,60.1683,58.1228,62.2821,50.5644,54.6878,10.5533,12.8495,4.4433,5.3032,64.3868,24413.591,90.3672,187.2961,163.5417,369.0834,298.1044,146.9066,112.3503,284.1806,210.9392,-0.195
China,1975,907822.798,466168.459,448956.202,95.3255,103.8338,19.0245,1.596,22960.535,25.105,9.011,60.917,58.8233,63.0842,50.9123,55.0973,10.6874,13.0058,4.489,5.3922,61.1339,21890.065,85.1776,179.3018,154.8352,357.6943,285.8299,142.5468,107.5842,276.3528,202.972,-0.126
China,1976,922426.524,473366.45,456009.474,96.81,103.8063,19.3661,1.496,21882.372,23.551,8.533,61.7956,59.6924,63.9698,51.3552,55.5342,10.8395,13.1616,4.5455,5.4821,57.5742,20905.719,79.3806,168.9239,145.031,343.4278,272.3363,136.4475,102.3281,266.4792,194.4719,-0.059
China,1977,936325.323,480027.754,462553.578,98.1856,103.7778,19.7418,1.327,20207.974,21.448,8.152,62.5379,60.4016,64.7474,51.7309,55.9506,10.9985,13.3398,4.6121,5.5912,54.4076,19343.384,74.4258,161.2962,137.2292,331.9099,260.754,132.0904,98.0175,258.4092,186.9295,-0.016
China,1978,948837.342,486353.454,468785.488,99.4936,103.7475,20.1429,1.32,20144.421,21.091,7.885,63.2177,61.05,65.4634,52.0537,56.3223,11.1328,13.4955,4.668,5.6891,51.5018,19317.98,69.9285,154.2163,130.0204,321.5335,250.1621,128.3833,94.1919,251.4975,180.2404,-0.01
China,1979,961440.543,492990.426,475308.544,100.8645,103.7201,20.5254,1.417,21194.207,21.881,7.706,63.8649,61.6771,66.1327,52.3904,56.6771,11.2779,13.6446,4.7309,5.7833,48.9145,20358.969,65.9672,147.6422,123.418,311.4401,240.303,124.6148,90.6059,244.5145,173.9803,-0.014
China,1980,975157.395,500100.633,482271.834,102.3305,103.6968,20.8382,1.469,21891.113,22.279,7.573,64.4198,62.2061,66.7187,52.6745,57.0052,11.3997,13.7827,4.7812,5.87,46.7585,21058.714,62.7312,142.1754,117.8457,302.9801,231.6474,121.4848,87.3315,238.7108,168.2869,-0.02
China,1981,989587.537,507632.639,489626.862,103.8812,103.6774,21.0221,1.539,22796.182,22.852,7.443,64.9755,62.7366,67.3047,52.9823,57.3642,11.5331,13.9418,4.8362,5.9649,44.8664,21957.683,59.865,136.8951,112.6198,294.4681,223.0705,118.1014,83.8776,232.629,162.3277,-0.028
China,1982,1004931.467,515860.624,497622.541,105.5712,103.665,21.0701,1.688,24611.652,24.271,7.369,65.4627,63.212,67.8071,53.2792,57.692,11.6643,14.0866,4.8884,6.0472,43.3723,23730.963,57.623,132.4089,108.3463,286.8402,215.6863,114.8964,80.7355,226.9518,156.9605,-0.036
China,1983,1022034.864,523847.28,505379.626,107.2111,103.6542,21.0891,1.398,21818.526,21.215,7.186,65.9045,63.6227,68.2873,53.5467,58.0284,11.7829,14.242,4.9314,6.1305,42.2429,21054.491,55.9499,128.6622,104.5339,280.275,208.7097,112.0337,77.6319,221.9761,151.6612,-0.043
China,1984,1036418.949,531433.418,512738.779,108.7679,103.646,21.3078,1.485,22980.371,22.0,7.105,66.3004,64.0173,68.6869,53.8436,58.3223,11.921,14.3736,4.9827,6.194,41.4954,22187.411,54.8378,125.4446,101.4643,273.8976,202.8434,108.9439,74.8701,216.6676,147.0325,-0.05
China,1985,1051925.445,539619.256,520620.722,110.4417,103.6492,21.661,1.568,24192.24,22.809,7.073,66.6434,64.3384,69.0596,54.0977,58.6335,12.0389,14.5215,5.0216,6.2616,41.0786,23364.409,54.2291,122.9506,98.9803,268.7177,197.4354,106.3003,72.0907,212.2277,142.3481,-0.057
China,1986,1068554.513,548585.934,529184.59,112.2678,103.6663,22.1057,1.71,26128.159,24.229,7.063,66.9697,64.6461,69.4114,54.3636,58.9507,12.1664,14.677,5.0654,6.3282,40.8857,25237.565,53.9381,120.7626,96.8693,263.7199,192.3783,103.579,69.3464,207.6812,137.6995,-0.073
China,1987,1086986.534,558382.634,538469.208,114.2554,103.6982,22.5211,1.799,27628.409,25.176,7.043,67.2876,64.9116,69.7951,54.6162,59.3171,12.2902,14.8695,5.1079,6.4133,40.8905,26686.586,53.9433,119.0656,94.8445,259.3505,187.0567,101.0292,66.4103,203.4343,132.5919,-0.154
China,1988,1106717.151,568185.768,547704.034,116.2385,103.7396,22.9351,1.644,26390.996,23.655,6.959,67.5808,65.2017,70.0937,54.9017,59.6132,12.4394,15.0223,5.1659,6.4709,40.9611,25490.068,54.0634,117.341,93.3398,254.6459,182.8522,98.3148,64.0276,198.7509,128.4263,-0.253
China,1989,1125062.453,577765.356,556649.367,118.1682,103.7934,23.3246,1.649,27195.685,23.962,6.929,67.8378,65.478,70.3313,55.1623,59.8422,12.5759,15.1326,5.2178,6.4986,40.9638,26267.235,54.0666,115.5028,91.9874,250.2194,179.373,95.8498,62.0813,194.4828,125.0504,-0.553
China,1990,1143766.993,587798.014,565906.238,120.1775,103.8684,23.6909,1.723,28202.492,24.436,6.964,68.0052,65.7141,70.4239,55.3691,59.8949,12.6782,15.127,5.2514,6.4517,40.7748,27243.357,53.7737,113.8188,91.062,246.4205,177.4814,93.7803,61.1627,191.0027,123.608,-0.251
China,1991,1163641.512,596666.471,573959.7,121.9402,103.9562,24.0947,1.193,22736.392,19.444,6.85,68.1688,66.0992,70.3328,55.7174,59.7562,12.8702,14.9982,5.338,6.3285,40.4306,21968.581,53.2907,111.4036,90.7736,240.5086,177.6707,90.7648,61.397,185.4771,124.306,-0.648
China,1992,1177610.829,603625.892,580187.498,123.3139,104.0398,24.5461,1.048,21083.903,17.811,6.594,68.7345,66.6077,70.9653,56.1486,60.3224,13.111,15.3378,5.4529,6.4955,39.7531,20381.857,52.2804,108.0373,87.6663,232.9469,169.8496,87.1844,57.7244,178.7674,117.3049,-0.738
China,1993,1190015.949,609978.248,585877.309,124.5683,104.1136,25.02,0.977,20132.48,16.834,6.441,69.2164,67.0064,71.5478,56.4561,60.8111,13.2788,15.6315,5.529,6.6374,38.8573,19474.791,50.9708,105.081,84.5561,227.1202,162.7738,84.6489,54.6551,173.9692,111.3745,-0.627
China,1994,1201695.166,616025.83,591260.846,125.759,104.1885,25.5252,0.926,19397.587,16.067,6.409,69.5201,67.4139,71.7364,56.7477,60.8858,13.4384,15.6479,5.6015,6.6078,37.7558,18779.074,49.3801,101.9008,82.6253,221.297,159.8764,82.3387,53.8354,169.4698,109.7936,-0.395
China,1995,1212878.184,621790.549,596353.877,126.89,104.2654,26.0528,0.865,18826.919,15.454,6.295,70.008,67.8329,72.3078,57.054,61.3245,13.6167,15.9154,5.6875,6.7404,36.5431,18242.999,47.6484,98.931,79.2628,215.5114,153.13,80.2052,51.2388,164.971,104.6616,-0.514
China,1996,1223410.668,627193.907,601104.929,127.9478,104.3402,26.6066,0.796,18083.906,14.722,6.312,70.2659,68.1522,72.5028,57.2364,61.3888,13.6999,15.9241,5.719,6.7121,35.2077,17540.59,45.7209,95.8385,77.1488,210.9167,150.1723,78.5826,50.4918,161.9426,103.2166,-0.451
China,1997,1233187.003,632266.997,605534.451,128.9377,104.4147,27.1797,0.746,17482.506,14.123,6.263,70.672,68.5578,72.9147,57.4973,61.6531,13.8386,16.0721,5.7843,6.7764,33.7659,16975.835,43.6459,92.4547,74.1875,205.292,145.1167,76.5833,48.7924,157.9899,99.9149,-0.405
China,1998,1242415.893,637069.098,609767.006,129.8788,104.4775,27.7594,0.709,16978.997,13.617,6.174,71.1721,68.9157,73.5865,57.6943,62.1678,13.9412,16.4004,5.8323,6.9606,32.3027,16505.48,41.5901,89.1793,70.3983,200.4329,137.7489,75.0391,46.0206,155.009,94.494,-0.353
China,1999,1251256.317,641657.142,613776.094,130.7743,104.5425,28.3439,0.665,16689.598,13.292,6.247,71.4188,69.3799,73.5825,57.9814,61.9706,14.0984,16.2294,5.9151,6.8311,30.6624,16244.905,39.2745,85.3072,68.2459,194.2252,136.637,72.7164,46.4683,150.8812,95.6235,-0.392
China,2000,1259610.155,646306.371,617792.698,131.677,104.6154,28.9192,0.71,17394.901,13.755,6.221,71.8807,69.7228,74.1893,58.1256,62.3762,14.1674,16.4848,5.9504,6.9761,28.885,16955.222,36.797,81.74,64.2569,189.7018,129.9447,71.6164,44.5303,148.6965,91.391,-0.435
China,2001,1268587.983,650868.368,621871.214,132.577,104.6629,29.4947,0.652,16472.561,12.943,6.038,72.6061,70.1623,75.2576,58.3685,63.2393,14.3007,17.0749,6.0269,7.3408,27.0113,16080.356,34.2181,77.8572,59.1072,184.0462,119.5213,69.8744,40.7845,145.3567,83.5608,-0.381
China,2002,1276891.18,655134.093,625792.027,133.4298,104.6888,30.0735,0.63,16315.491,12.735,6.063,72.985,70.5385,75.6401,58.5324,63.4278,14.3853,17.1856,6.0786,7.4009,25.0767,15952.15,31.5852,74.0858,55.9706,179.2974,115.2244,68.6372,39.9354,143.1193,81.5788,-0.373
China,2003,1284961.061,659272.48,629600.886,134.2576,104.7128,30.6407,0.607,16210.272,12.575,6.096,73.3714,70.9097,76.0445,58.6931,63.6105,14.469,17.2952,6.132,7.4621,23.1111,15875.068,28.9338,70.3633,52.5058,174.6943,110.7034,67.3788,39.1208,141.0112,79.7261,-0.409
China,2004,1292785.672,663407.422,633409.289,135.0851,104.736,31.1942,0.622,16482.67,12.707,6.138,73.7477,71.2753,76.4331,58.851,63.7888,14.5525,17.4048,6.1851,7.5251,21.2274,16169.913,26.4225,66.6948,49.2309,170.2361,106.4305,66.1283,38.315,139.0288,77.9822,-0.353
China,2005,1300847.75,667605.485,637282.076,135.9258,104.7582,31.7338,0.619,16663.108,12.766,6.178,74.1111,71.6188,76.8191,59.0057,64.0014,14.6374,17.5432,6.2416,7.6078,19.468,16374.316,24.106,63.3301,46.3938,166.1543,102.412,64.9489,37.3981,137.1957,76.045,-0.398
China,2006,1308927.373,671873.968,641212.6,136.7799,104.7818,32.2592,0.634,16933.4,12.892,6.199,74.5037,72.0433,77.1666,59.2585,64.1861,14.7892,17.6649,6.3349,7.6793,17.8658,16665.077,22.0232,59.8954,43.7887,161.1625,98.7964,63.2131,36.6128,134.2615,74.3837,-0.36
China,2007,1317245.762,676255.347,645257.876,137.6576,104.8039,32.7633,0.646,17286.419,13.077,6.289,74.7619,72.2481,77.4923,59.3059,64.3669,14.8086,17.7843,6.3475,7.7477,16.4396,17035.203,20.178,57.3039,41.4237,158.7647,95.3991,62.6518,35.8085,133.742,72.726,-0.332
China,2008,1325780.685,680746.764,649420.385,138.5591,104.8237,33.2421,0.66,17787.573,13.368,6.422,74.8719,72.3895,77.5624,59.3575,64.3612,14.8767,17.8452,6.3914,7.7895,15.281,17547.938,18.9177,56.2732,41.3944,157.7899,95.6764,62.8684,37.0089,133.8231,73.8837,-0.353
China,2009,1334553.612,685394.598,653730.998,139.4922,104.8435,33.6807,0.683,18085.283,13.502,6.414,75.3434,72.8305,78.0655,59.6159,64.6851,14.9944,17.998,6.4487,7.8633,14.0297,17862.24,17.1048,52.0397,37.3056,151.374,89.2755,60.2442,34.3693,129.6065,69.6681,-0.262
China,2010,1343697.578,690079.84,658111.528,140.4366,104.8576,34.0829,0.667,17941.969,13.308,6.481,75.5991,73.0797,78.3255,59.7539,64.8493,15.0814,18.1144,6.4914,7.9258,13.0265,17736.995,15.8641,49.8832,35.7373,148.5556,87.1393,59.1564,33.6804,128.1225,68.689,-0.161
China,2011,1352685.158,694657.622,662437.859,141.3641,104.8638,34.4539,0.65,17826.962,13.136,6.528,75.9032,73.3681,78.644,59.9244,65.0549,15.1839,18.2526,6.5395,7.9994,12.0628,17638.791,14.6391,47.4717,33.7608,145.0773,84.338,57.7331,32.674,126.0684,67.2646,-0.109
China,2012,1361505.803,699508.339,667052.479,142.3501,104.8656,34.7756,0.74,19235.424,14.07,6.584,76.1923,73.613,78.9832,60.0616,65.2951,15.2671,18.4223,6.5761,8.0945,11.1837,19047.569,13.5483,45.386,31.9838,142.1144,81.5761,56.5514,31.6458,124.4073,65.7178,-0.091
China,2013,1371615.833,704375.33,671724.978,143.3438,104.8607,35.06,0.652,18255.844,13.269,6.65,76.4523,73.8836,79.223,60.2299,65.4419,15.3675,18.5217,6.6242,8.1428,10.3653,18090.917,12.5414,43.3016,30.4775,138.7705,79.5317,55.1962,30.9538,122.3062,64.8051,-0.1
China,2014,1380584.782,708982.179,676207.49,144.2906,104.8468,35.3237,0.665,18711.604,13.506,6.715,76.7173,74.1344,79.4993,60.3824,65.632,15.4485,18.6516,6.6656,8.2129,9.6038,18555.257,11.6083,41.3506,28.9901,135.5972,77.2201,53.9007,30.12,120.3294,63.5486,-0.143
China,2015,1389794.555,713260.083,680455.365,145.1787,104.821,35.6016,0.563,17446.888,12.522,6.782,76.9771,74.3785,79.772,60.5354,65.8222,15.5427,18.7991,6.7062,8.2831,8.8979,17312.046,10.7442,39.5122,27.5609,132.5249,74.9309,52.5721,29.277,118.3702,62.2697,-0.112
China,2016,1397636.342,717314.568,684575.113,146.0302,104.7824,35.8993,0.607,18283.156,13.038,6.863,77.2177,74.5822,80.053,60.6555,66.0279,15.6117,18.9602,6.7342,8.3647,8.2507,18152.326,9.9642,37.8962,26.2437,129.8905,72.6546,51.384,28.4308,116.757,60.9179,-0.109
China,2017,1406143.019,721400.822,688875.134,146.9037,104.7216,36.2011,0.586,18427.645,13.065,7.077,77.2476,74.4325,80.3206,60.4296,66.2244,15.441,19.1125,6.6188,8.4429,7.6392,18305.727,9.2228,37.2218,25.0,130.9799,70.4535,51.8108,27.6102,118.7584,59.5872,-0.128
China,2018,1414408.894,724608.064,692461.405,147.6114,104.6424,36.5519,0.376,15504.679,10.948,6.981,77.7444,75.0464,80.6373,60.9677,66.4782,15.7861,19.3071,6.8215,8.5543,7.0792,15409.744,8.5508,34.7289,23.7811,123.9144,67.9747,48.5691,26.643,112.6413,57.8836,-0.209
China,2019,1419730.043,726781.914,695082.116,148.1108,104.5606,36.9663,0.3,14633.834,10.293,7.078,77.968,75.2983,80.8156,61.1533,66.5975,15.8884,19.3952,6.8798,8.597,6.5594,14550.912,7.931,33.2324,22.8355,120.6895,66.3476,47.0467,26.0843,110.2281,56.9692,-0.213
China,2020,1423998.019,727993.76,696936.022,148.4302,104.4563,37.4379,0.131,12243.398,8.597,7.265,78.0766,75.305,81.0584,61.1025,66.7859,15.7896,19.5276,6.7791,8.6786,6.0836,12179.125,7.3653,32.2423,21.8075,119.1911,64.1557,46.2978,25.2842,109.4128,55.4374,-0.024
China,2021,1425861.543,728050.458,697843.007,148.5306,104.3287,37.9478,0.004,10881.567,7.633,7.448,78.2107,75.4634,81.1546,61.2037,66.8316,15.7902,19.5228,6.7874,8.6829,5.6543,10828.527,6.8583,30.8955,20.9296,115.9552,62.328,44.8637,24.6667,106.8692,54.2065,-0.14
China,2022,1425925.386,727644.037,698243.3,148.5299,104.2107,38.4667,-0.005,10757.794,7.544,7.379,78.5865,75.9628,81.3425,61.739,67.0551,16.2716,19.7287,7.0685,8.7859,5.8803,10703.232,7.122,30.7275,21.1443,113.5602,62.4176,44.2912,24.6284,104.0677,53.8877,-0.218
China,2023,1425849.288,727172.808,698498.544,148.5074,104.1051,38.9811,-0.025,10660.034,7.477,7.509,78.7888,76.1845,81.5146,61.9385,67.2071,16.3989,19.8388,7.1322,8.8492,5.6991,10607.657,6.9027,29.9233,20.6176,111.1628,61.1608,43.3133,24.146,101.944,52.8775,-0.218
India,1950,353104.276,183437.093,173584.006,120.0801,105.6763,20.023,2.194,15651.496,43.838,22.246,41.7232,42.5995,40.8008,45.3206,44.6923,10.7432,11.0857,4.6977,4.8405,181.2118,13663.72,283.6926,417.8937,458.9144,597.9231,615.0091,271.3604,293.5617,423.6588,427.8643,0.349
India,1951,360937.923,187619.254,177303.106,122.7377,105.8184,19.9862,2.184,16041.888,43.957,22.39,41.7437,42.6349,40.8048,45.2798,44.6028,10.6891,10.9949,4.7012,4.8074,180.0928,14017.112,281.9061,416.4026,458.1219,598.2196,615.4812,270.9742,293.7284,424.897,429.4035,0.269
India,1952,368906.796,191887.475,181109.714,125.4535,105.951,19.9393,2.193,16458.33,44.117,22.23,42.038,42.9119,41.1155,45.3153,44.6714,10.7049,11.0257,4.7058,4.8184,177.5306,14410.547,277.4152,412.6799,454.0345,595.1869,611.978,270.4584,292.7839,424.0521,428.0209,0.042
India,1953,377087.58,196230.287,184997.418,128.2218,106.0719,19.8777,2.172,16857.475,44.203,22.137,42.2051,43.0329,41.3291,45.2155,44.6836,10.73,11.0928,4.7082,4.8435,175.2723,14786.709,273.7871,411.8733,451.9154,594.868,610.1145,273.3482,293.9592,426.1867,428.1719,-0.354
India,1954,385367.83,200706.078,189025.328,131.0819,106.1795,19.8039,2.239,17246.702,44.238,21.582,42.953,43.7388,42.1184,45.6121,45.177,10.8349,11.2545,4.7226,4.9028,172.2072,15165.173,267.5927,402.622,441.4472,583.9682,598.4564,266.4388,285.8764,416.8175,417.8303,-0.271
India,1955,394094.982,205350.073,193227.919,134.0574,106.2735,19.7229,2.25,17549.401,44.017,21.24,43.3876,44.1327,42.5944,45.7742,45.4298,10.8757,11.3304,4.7344,4.9335,169.7098,15462.056,263.0624,397.2891,435.0713,578.5265,591.7706,263.5056,281.6247,413.06,412.5342,-0.289
India,1956,403061.003,210107.732,197548.865,137.1108,106.3573,19.6356,2.255,17843.839,43.759,20.927,43.7619,44.4728,43.0043,45.8996,45.627,10.8805,11.3482,4.7479,4.9445,167.2954,15751.667,258.8017,392.0467,429.0895,574.0832,585.9645,260.5413,277.4229,410.3142,408.1195,-0.292
India,1957,412252.191,214965.294,201970.106,140.2317,106.4342,19.5468,2.247,18127.957,43.466,20.663,44.0574,44.7566,43.3122,45.9779,45.7421,10.8626,11.3263,4.7619,4.9421,164.95,16032.271,254.8382,387.2569,424.276,570.7251,581.7453,258.1094,274.2678,408.7459,405.3227,-0.345
India,1958,421618.608,219863.705,206432.058,143.3799,106.5066,19.4544,2.194,18369.733,43.069,20.335,44.4235,45.102,43.7,46.1378,45.9118,10.8597,11.3154,4.7783,4.9432,162.657,16275.617,250.7581,381.6079,418.319,565.9241,576.2221,254.115,270.0725,405.27,401.3197,-0.802
India,1959,430972.917,224885.438,211014.915,146.6103,106.5732,19.3534,2.261,18592.576,42.646,19.928,44.8893,45.5598,44.174,46.3864,46.1524,10.8891,11.3421,4.7959,4.957,160.3267,16503.422,246.3473,374.7568,411.413,559.0279,569.2931,248.8436,265.0501,399.6496,395.9267,-0.114
India,1961,451081.369,235560.577,220791.299,153.489,106.6892,19.1036,2.31,19301.072,42.294,19.446,45.3985,46.057,44.6952,46.5025,46.2717,10.9934,11.4724,4.8177,5.0083,156.3879,17185.588,239.4952,369.4354,405.5766,552.847,563.646,248.4513,265.1492,396.8554,394.1544,0.25
India,1962,461622.383,241125.862,225898.332,157.0785,106.7409,18.9595,2.313,19662.55,42.101,19.205,45.6592,46.3122,44.9613,46.5631,46.3304,11.078,11.5829,4.8262,5.0478,154.4928,17533.563,236.1413,367.4181,403.1673,549.5736,561.0318,249.022,266.2288,395.3051,393.6568,0.236
India,1963,472426.004,246813.291,231120.328,160.7478,106.79,18.8089,2.305,20030.594,41.907,18.964,45.9363,46.5798,45.2476,46.6512,46.4176,11.1564,11.6855,4.8335,5.0828,152.7024,17886.891,232.9148,365.0228,400.3046,545.9183,557.9032,248.8228,266.4925,393.1529,392.4577,0.102
India,1964,483441.235,252612.93,236446.379,164.4898,106.8373,18.6574,2.298,20406.981,41.721,18.761,46.184,46.8219,45.5008,46.7398,46.5057,11.2018,11.7427,4.8395,5.0998,151.0821,18246.17,230.0631,362.2564,397.3301,542.6045,554.8608,247.806,265.7731,391.1032,390.9098,0.012
India,1965,494677.383,258373.487,241740.858,168.208,106.8804,18.521,2.174,20678.677,41.346,19.642,44.98,45.5564,44.3614,46.1929,46.0748,10.9539,11.5063,4.7647,5.0181,156.4051,18411.953,241.0142,377.6967,411.0298,560.5276,569.6132,255.2242,270.5464,403.2394,399.4126,0.038
India,1966,505551.309,264041.608,246951.009,171.8668,106.9206,18.4024,2.13,20913.381,40.918,19.342,45.3332,45.8985,44.7267,46.42,46.2968,10.9081,11.4296,4.7757,4.9853,154.7189,18645.644,237.9854,370.9177,404.4016,555.1984,563.4325,248.6584,263.8116,398.3923,393.749,-0.283
India,1967,516433.925,269770.979,252216.091,175.5647,106.9603,18.2929,2.128,21193.323,40.592,19.082,45.6736,46.2253,45.0825,46.6663,46.5293,10.8335,11.3092,4.7968,4.9435,153.1243,18918.916,235.191,363.5467,397.2559,549.9398,556.9718,240.7537,255.7335,393.2395,387.4837,-0.238
India,1968,527540.214,275736.482,257695.426,179.414,107.0009,18.2339,2.209,21454.18,40.207,17.778,47.471,48.0653,46.8365,47.6026,47.3371,10.9933,11.3965,4.9163,4.9833,144.9885,19274.109,219.2784,336.2168,371.9481,522.6446,531.1986,221.4431,238.8231,372.6298,368.9944,-0.345
India,1969,539323.603,281934.206,263380.464,183.4106,107.0445,18.237,2.197,21704.442,39.792,17.51,47.8574,48.4556,47.2196,47.9074,47.6043,10.9671,11.3246,4.9882,4.9941,143.3196,19524.327,216.3522,328.3258,364.663,516.1424,524.2263,212.6719,230.4273,366.2083,362.2308,-0.315
India,1970,551305.737,288292.404,269208.897,187.5095,107.0887,18.2642,2.223,22042.928,39.533,17.228,48.2407,48.8538,47.5875,48.2174,47.8706,11.0144,11.342,5.0993,5.0656,141.675,19854.222,213.4997,321.5708,358.5746,509.6182,518.0247,205.1982,223.644,359.8246,356.3056,-0.082
India,1971,563696.866,294818.942,275180.236,191.713,107.1367,18.3011,2.211,22482.719,39.43,16.938,48.6324,49.2836,47.9379,48.5521,48.127,11.1611,11.4784,5.2565,5.2142,139.9357,20277.751,210.5686,316.0473,354.1107,502.7529,513.0097,199.2371,219.3363,353.1795,351.8095,-0.387
India,1972,576301.49,301529.376,281308.597,196.0312,107.1881,18.3504,2.243,22835.036,39.173,16.643,49.025,49.6943,48.3097,48.8963,48.4291,11.3667,11.7057,5.4368,5.4203,138.4811,20618.794,208.112,311.8397,350.2975,496.1813,507.9963,194.4251,215.7467,346.5896,347.1537,-0.103
India,1973,589374.455,308465.459,287642.024,200.4942,107.2394,18.4143,2.259,23229.501,38.962,16.27,49.5395,50.2239,48.8064,49.2739,48.7753,11.6192,11.9985,5.6294,5.6599,136.3443,21009.762,204.4142,306.7286,345.5315,488.2206,501.7212,189.9869,212.5728,339.5038,342.1258,-0.105
India,1974,602840.51,315584.062,294137.889,205.0733,107.2912,18.4863,2.257,23558.643,38.629,15.786,50.2441,50.9123,49.5261,49.6994,49.2187,11.8808,12.3207,5.8083,5.9018,133.3495,21356.9,199.0354,299.5398,338.0094,478.155,492.3109,184.9036,208.0539,331.4356,335.1162,-0.276
India,1975,616603.393,322800.952,300723.268,209.7156,107.3415,18.5669,2.22,23660.096,37.937,15.381,50.8123,51.4183,50.1585,49.9836,49.6247,12.0488,12.5715,5.9207,6.0865,130.7407,21492.129,194.5357,293.9445,331.142,471.0209,483.6232,181.3352,203.2574,326.1486,328.2522,-0.362
India,1976,630445.045,330077.58,307373.867,214.3998,107.3864,18.6511,2.198,24020.807,37.665,15.009,51.3883,51.8836,50.8517,50.1759,50.0499,12.1061,12.726,5.9487,6.1845,127.8683,21868.147,189.5837,287.5418,322.5687,464.6139,473.1685,177.8378,196.6056,322.2443,319.7996,-0.684
India,1977,644457.85,337496.325,314189.303,219.1873,107.4181,18.7429,2.218,24041.856,36.89,14.662,51.9086,52.2745,51.5116,50.27,50.4439,12.0597,12.7825,5.9005,6.1997,124.9208,21936.974,184.6106,280.9495,313.6042,459.3252,462.4078,174.6459,189.1059,319.7989,310.8821,-0.048
India,1978,658913.406,345069.608,321198.151,224.0919,107.432,18.8446,2.208,24242.925,36.383,14.288,52.492,52.7102,52.2575,50.3293,50.8855,11.95,12.7913,5.8043,6.1672,121.7052,22175.073,179.0594,272.9412,303.01,453.3864,449.5848,171.191,179.937,317.569,300.1216,-0.021
India,1979,673622.113,352826.329,328422.054,229.1305,107.4308,18.943,2.239,24698.877,36.252,13.965,53.0601,53.1354,52.9854,50.3773,51.2987,11.8103,12.7716,5.6867,6.1118,118.3982,22649.38,173.4318,264.831,292.4699,447.2992,436.8524,167.5789,170.9917,315.1551,289.6116,0.1
India,1980,688874.653,360875.327,335953.058,234.3706,107.4184,19.0365,2.283,25235.028,36.214,13.676,53.6114,53.5451,53.6962,50.4362,51.6998,11.6692,12.7563,5.5708,6.0622,115.2148,23197.343,168.056,257.1297,282.2725,440.9851,424.3591,163.9236,162.4745,312.1741,279.3801,0.29
India,1981,704782.116,369149.846,343719.452,239.7658,107.3986,19.1256,2.269,25682.976,36.024,13.37,54.1748,53.988,54.3965,50.5534,52.1017,11.5608,12.7789,5.4801,6.0458,112.1457,23664.363,162.8895,249.6425,272.6633,433.5606,412.3114,159.8862,154.7079,307.6887,269.6196,0.033
India,1982,720956.48,377542.52,351626.946,245.2482,107.3702,19.2134,2.253,25964.421,35.605,13.044,54.7322,54.446,55.0677,50.7201,52.4995,11.4886,12.8424,5.4166,6.0647,109.3045,23975.39,158.1295,242.6636,263.9436,425.3924,401.0567,155.6803,147.8351,302.0105,260.5427,-0.036
India,1983,737382.451,386102.269,359724.278,250.8506,107.3328,19.3033,2.264,26329.46,35.3,12.72,55.2809,54.9109,55.7124,50.9188,52.8882,11.4457,12.9372,5.3725,6.1091,106.6543,24361.367,153.7075,236.1292,255.9957,416.8505,390.5693,151.4433,141.7879,295.6736,252.2006,0.062
India,1984,754270.641,394865.497,368029.66,256.5915,107.2918,19.392,2.261,26777.35,35.094,12.412,55.8157,55.3872,56.3153,51.1279,53.2614,11.424,13.0528,5.3401,6.1687,104.1546,24822.691,149.5531,229.7791,248.9308,408.2096,381.0053,147.3829,136.4891,289.3037,244.6323,-0.076
India,1985,771519.671,403766.422,376475.662,262.4259,107.249,19.4791,2.236,27001.359,34.602,12.102,56.3338,55.849,56.8984,51.3344,53.6099,11.4162,13.1783,5.3121,6.2327,101.7641,25075.586,145.5985,223.764,242.3362,399.9961,372.1028,143.5222,131.9097,283.3271,237.9221,-0.145
India,1986,788964.497,412811.682,385067.312,268.3579,107.2051,19.562,2.235,27521.504,34.483,11.82,56.8352,56.2993,57.4592,51.512,53.9264,11.4154,13.3033,5.2817,6.2912,99.372,25604.772,141.657,217.8936,236.1434,392.5227,363.8617,140.1945,127.9967,278.4332,232.1117,-0.324
India,1987,806793.489,421960.524,393755.6,274.3572,107.1631,19.6473,2.188,27477.888,33.681,11.522,57.3147,56.7259,57.9994,51.6568,54.2061,11.4194,13.4201,5.2494,6.3395,96.975,25610.355,137.7331,212.2562,230.2223,385.9882,356.2055,137.4232,124.6872,274.7321,227.1801,-0.285
India,1988,824638.76,431194.389,402535.292,280.4159,107.1196,19.7448,2.181,27654.404,33.166,11.236,57.7772,57.1132,58.5456,51.7796,54.4507,11.434,13.5265,5.2238,6.3797,94.5597,25821.687,133.7956,207.1754,224.1569,380.4144,348.7716,135.1532,121.9109,271.9101,223.0228,-0.124
India,1989,842820.602,440551.295,411461.378,286.5652,107.0699,19.8527,2.158,27733.329,32.549,10.956,58.2333,57.5112,59.0642,51.9049,54.6692,11.4659,13.622,5.2138,6.4147,92.1496,25942.227,129.8751,202.0094,218.3593,374.9578,341.8206,133.0519,119.4718,269.3545,219.3801,-0.016
India,1990,861204.744,449984.059,420468.106,292.7671,107.0198,19.9714,2.125,27692.243,31.816,10.691,58.6516,57.876,59.5366,52.0094,54.8526,11.5176,13.7027,5.2272,6.4464,89.8415,25948.59,126.1486,197.5525,213.0086,370.2712,335.5952,131.7687,117.4804,267.5048,216.377,0.125
India,1991,879699.586,459463.492,429478.264,298.9859,106.9818,20.0951,2.079,27937.351,31.423,10.455,59.0547,58.2557,59.9565,52.1335,55.0101,11.596,13.7674,5.273,6.4774,87.6415,26221.34,122.6106,193.121,208.1503,365.3918,330.0212,130.6134,115.7304,265.4176,213.7307,-0.178
India,1992,898183.926,469046.096,438527.953,305.2526,106.9592,20.2251,2.069,28057.136,30.914,10.23,59.4524,58.6596,60.335,52.2858,55.1482,11.7043,13.8183,5.3546,6.5093,85.5145,26375.592,119.2015,188.6609,203.6445,360.1266,324.9324,129.4925,114.1335,262.894,211.3155,0.009
India,1993,916964.171,478735.976,447615.32,311.5681,106.9525,20.3668,2.027,28054.515,30.285,10.021,59.8152,59.0537,60.6497,52.4382,55.2487,11.8335,13.8556,5.4636,6.5405,83.4668,26413.39,115.9724,184.5905,199.8504,355.1912,320.7923,128.781,113.0493,260.6192,209.5738,0.003
India,1994,935738.422,488535.405,456726.553,317.9285,106.9645,20.5187,2.015,28206.659,29.841,9.807,60.2158,59.4826,61.0071,52.6132,55.3825,11.9854,13.8984,5.5946,6.5748,81.3808,26597.872,112.6395,180.332,195.528,349.9004,315.9108,128.0226,111.4468,258.1483,207.1814,0.116
India,1995,954785.495,498432.464,465846.665,324.3248,106.995,20.6778,1.969,28313.788,29.361,9.612,60.5962,59.8899,61.3508,52.7696,55.5016,12.1469,13.9416,5.7369,6.6085,79.2864,26740.452,109.3211,176.5594,191.4769,345.3366,311.3917,127.7754,110.167,256.4342,205.1902,-0.059
India,1996,973772.763,508349.16,474932.058,330.7159,107.0362,20.8444,1.934,28304.911,28.786,9.419,60.9841,60.2767,61.7332,52.9136,55.6359,12.3141,13.9952,5.8824,6.6429,77.1007,26764.517,105.896,173.226,187.1245,341.4601,306.4818,127.8006,108.8195,255.3671,203.0975,-0.027
India,1997,992789.672,518303.618,484031.612,337.1245,107.0805,21.0162,1.905,28340.882,28.274,9.229,61.3876,60.6652,62.1477,53.0456,55.7962,12.48,14.0636,6.0218,6.6772,74.8225,26826.871,102.3478,169.9322,182.6354,337.9651,301.1929,127.9605,107.2792,254.8726,200.7066,0.001
India,1998,1011880.789,528287.413,493147.162,343.5484,107.1257,21.1932,1.871,28380.714,27.784,9.05,61.7919,61.0281,62.5947,53.1686,55.9738,12.6379,14.1423,6.1459,6.7093,72.5216,26894.318,98.8025,167.0153,177.9294,334.8898,295.4999,128.1828,105.6645,254.6046,198.0861,-0.028
India,1999,1030988.362,538244.36,502255.693,349.9608,107.1654,21.3746,1.828,28365.313,27.26,8.875,62.2069,61.3511,63.1109,53.2891,56.1737,12.781,14.2287,6.2452,6.7373,70.172,26911.203,95.207,164.6225,172.4539,332.0389,288.8011,128.3529,103.8563,254.1037,194.9771,-0.102
India,2000,1050011.745,548223.581,511410.095,356.3962,107.1984,21.5554,1.816,28614.635,27.001,8.701,62.6693,61.754,63.6388,53.4266,56.4269,12.9034,14.3243,6.3101,6.7606,67.773,27181.348,91.4926,161.0089,166.9936,327.5875,281.3351,128.1053,101.3219,252.6308,190.5639,-0.142
India,2001,1069255.606,558291.332,520679.574,362.9001,107.2236,21.7349,1.801,28842.611,26.728,8.558,63.0913,62.1135,64.1306,53.5557,56.6574,12.991,14.4105,6.3286,6.7728,65.4307,27432.135,87.9796,157.8047,161.9693,322.8657,274.161,127.8262,99.2035,250.3967,186.2538,-0.164
India,2002,1088686.207,568334.873,529978.166,369.4056,107.2374,21.9237,1.753,28647.659,26.082,8.363,63.616,62.5727,64.7289,53.7637,56.9828,13.0559,14.5075,6.3022,6.779,63.0648,27282.213,84.3459,153.0672,155.6228,315.2894,264.6183,126.0366,95.6409,245.4003,179.6262,-0.189
India,2003,1107939.87,578236.241,539178.882,375.8304,107.2439,22.1311,1.696,28355.763,25.375,8.188,64.0942,62.9813,65.287,53.945,57.2787,13.0865,14.5889,6.2399,6.7732,60.7913,27039.074,80.9242,148.7177,149.6437,307.8486,255.4467,124.4777,92.4541,240.2441,173.2467,-0.229
India,2004,1126890.377,587990.365,548274.218,382.1702,107.2438,22.3563,1.65,28098.682,24.728,8.04,64.5244,63.3128,65.8313,54.099,57.5366,13.0933,14.6529,6.1621,6.756,58.5975,26828.244,77.7011,145.0779,143.6137,301.2732,246.5574,123.0885,89.6902,235.4077,167.4619,-0.189
India,2005,1145638.789,597477.666,557161.048,388.3501,107.2361,22.5967,1.559,27645.749,23.94,7.876,64.9955,63.7186,66.3787,54.2558,57.8204,13.0953,14.7089,6.0902,6.7311,56.3383,26431.56,74.2949,140.1658,137.4514,293.9347,237.2724,121.4093,86.2784,230.6696,161.0306,-0.476
India,2006,1163638.637,606611.392,565762.396,394.3151,107.2202,22.8511,1.49,27228.667,23.22,7.743,65.4123,64.0534,66.8911,54.3692,58.0507,13.0927,14.7432,6.0391,6.6964,54.116,26068.43,71.0087,135.9474,131.4853,288.2372,228.8232,120.1566,83.3999,227.3484,155.7122,-0.578
India,2007,1181108.939,615506.279,574185.53,400.1399,107.1964,23.1157,1.443,27029.549,22.713,7.642,65.7884,64.3653,67.342,54.4368,58.2381,13.0955,14.7568,6.0238,6.6541,51.8913,25914.172,67.7575,131.834,126.0892,283.936,221.4853,119.4117,80.8381,225.7921,151.3479,-0.646
India,2008,1198274.68,624242.02,582492.786,405.8721,107.1673,23.3891,1.402,26890.1,22.276,7.558,66.149,64.6543,67.7858,54.4906,58.3975,13.1175,14.7645,6.0487,6.6181,49.6492,25817.915,64.5005,127.9973,120.6181,280.8093,214.7273,118.8052,78.4987,225.3839,147.8728,-0.701
India,2009,1215194.931,632892.402,590747.758,411.558,107.1341,23.6681,1.38,26848.279,21.934,7.479,66.5132,64.962,68.2151,54.5636,58.5444,13.1721,14.7846,6.1134,6.6056,47.4083,25816.089,61.2757,124.055,115.254,278.0689,208.8029,118.0052,76.331,225.3997,145.2736,-0.656
India,2010,1232085.388,641566.029,599047.591,417.2668,107.0977,23.9545,1.375,26598.911,21.438,7.385,66.9086,65.3268,68.6449,54.6922,58.6986,13.2744,14.8373,6.2186,6.6348,45.1699,25615.194,58.0735,119.724,109.9149,274.9294,203.6961,116.6436,74.2337,225.0439,143.4788,-0.306
India,2011,1249141.852,650244.39,607376.8,422.9872,107.0578,24.252,1.348,26342.016,20.945,7.267,67.359,65.7651,69.1058,54.9165,58.8758,13.4394,14.9429,6.3652,6.7245,42.9592,25406.758,54.9372,115.0318,104.3162,270.8006,199.2493,114.2797,72.159,223.4317,142.507,-0.194
India,2012,1266100.53,658839.435,615647.779,428.6599,107.0156,24.5591,1.316,26026.697,20.421,7.118,67.8872,66.3242,69.5921,55.2712,59.0933,13.6804,15.1216,6.5538,6.8934,40.7996,25141.112,51.8999,109.6246,98.6813,264.7608,195.7193,110.5829,70.043,219.7604,142.342,-0.142
India,2013,1282873.899,667322.884,623809.18,434.2582,106.9755,24.8747,1.279,25739.527,19.935,6.96,68.4598,66.9607,70.0831,55.7217,59.3381,13.977,15.3614,6.771,7.1291,38.7478,24900.659,49.0724,103.9771,93.2781,257.3652,193.1641,106.0303,68.0148,214.4906,142.9201,-0.183
India,2014,1299390.228,675549.357,631697.152,439.6781,106.942,25.2024,1.202,24899.418,19.049,6.79,69.0736,67.6506,70.6017,56.2212,59.6012,14.2953,15.6342,6.9965,7.3973,36.6565,24125.12,46.1554,98.0828,87.795,248.9612,190.7073,101.0886,66.0583,208.2436,143.7023,-0.238
India,2015,1315102.79,683543.212,639323.292,444.9317,106.9167,25.5414,1.174,24828.119,18.765,6.67,69.6363,68.2846,71.0767,56.6784,59.845,14.5864,15.8942,7.2024,7.6525,34.6992,24091.441,43.4774,92.8453,82.9451,241.1472,188.5774,96.7477,64.3927,202.4253,144.4783,-0.359
India,2016,1330630.219,691623.419,647012.92,450.2357,106.8948,25.8816,1.196,24783.025,18.514,6.603,70.1167,68.8102,71.5029,57.0331,60.0522,14.809,16.0992,7.3618,7.8471,32.8306,24082.048,40.939,88.4509,78.6547,234.5739,186.0632,93.4788,63.0045,197.7782,144.6501,0.051
India,2017,1346642.46,699587.888,654607.791,455.4689,106.8713,26.2256,1.116,24253.964,17.911,6.593,70.4672,69.1595,71.8561,57.2208,60.1977,14.9203,16.2027,7.4477,7.9298,31.0591,23600.382,38.5597,85.2488,75.0329,230.0765,182.6944,91.7757,61.9392,195.1003,143.7315,-0.162
India,2018,1361748.899,707149.23,661854.076,460.4493,106.8437,26.5745,1.06,24168.443,17.651,6.644,70.7095,69.3672,72.1423,57.267,60.2928,14.9381,16.2175,7.4698,7.9124,29.3812,23548.266,36.3151,82.9283,72.0424,227.2708,178.5499,91.4012,61.1124,194.1142,141.7679,-0.41
India,2019,1376257.714,714325.058,668786.993,465.1946,106.8091,26.9288,0.991,23583.089,17.049,6.71,70.9098,69.5255,72.3954,57.2906,60.373,14.945,16.2176,7.4791,7.8759,27.9046,23005.022,34.365,81.1882,69.5214,225.1501,174.4904,91.4044,60.5191,193.5141,139.6682,-0.429
India,2020,1389966.387,720997.448,675389.679,469.6596,106.7528,27.2833,0.92,23138.532,16.572,7.35,70.1499,68.6147,71.8237,56.21,59.6202,13.8465,15.5119,6.6351,7.4948,26.5981,22595.171,32.6441,76.1323,65.9229,232.1605,177.3554,90.3493,59.9401,202.3336,144.4956,-0.025
India,2021,1402807.867,726503.429,681060.412,473.4187,106.6724,27.6031,0.676,23113.533,16.419,9.448,67.2398,65.7563,68.8864,53.1282,56.4509,12.0032,13.4999,5.3915,6.1145,25.4818,22591.299,31.1861,86.6199,73.8661,280.527,215.8991,116.2609,79.2193,253.8318,185.906,-0.215
India,2022,1412319.817,731180.498,685992.675,476.6507,106.5872,27.9028,0.685,23056.027,16.267,9.074,67.7437,66.2569,69.3843,53.741,57.0699,12.3693,13.863,5.6478,6.3434,26.3083,22519.905,32.4095,85.6975,73.067,270.9867,208.267,110.935,74.7892,242.8787,176.7917,-0.344
India,2023,1422026.528,736851.532,691776.131,480.5033,106.5159,28.2452,0.924,23056.737,16.136,6.556,72.0276,70.5175,73.646,58.0576,61.2665,15.3026,16.726,7.5946,8.1225,24.4626,22554.666,30.5269,73.9582,61.25,210.2045,158.5939,84.3358,54.6591,180.9988,127.8976,-0.34
United Kingdom,1950,49931.042,24047.522,26007.542,206.2077,92.4636,33.9354,0.496,822.441,16.437,11.775,68.631,66.2395,70.9231,54.3456,58.5019,11.9027,14.2751,5.01,5.9932,30.099,800.882,35.6014,85.4055,69.9744,247.623,174.5147,89.2712,69.3761,211.3899,143.7652,0.295
United Kingdom,1951,50179.087,24167.13,26104.773,207.101,92.5774,33.9814,0.369,798.047,15.88,12.574,68.2352,65.7138,70.6829,53.8187,58.239,11.3108,13.7911,4.7154,5.6472,30.3779,776.957,36.0477,83.611,66.0589,252.2063,172.6956,87.0281,65.506,215.9432,142.0854,0.387
United Kingdom,1952,50364.721,24280.978,26203.836,207.9781,92.6619,33.9562,0.476,794.278,15.736,11.364,69.5176,66.8325,72.1066,54.7614,59.5365,11.9416,14.7391,5.1077,6.2488,28.9059,774.189,33.7724,77.8756,58.9208,236.749,158.4741,80.4125,58.179,202.4759,129.5113,0.387
United Kingdom,1953,50604.906,24409.08,26319.54,208.9825,92.7413,33.9065,0.488,807.245,15.914,11.372,69.7967,67.1167,72.3656,54.9274,59.7441,11.9539,14.7924,5.1653,6.2524,27.7423,787.561,32.5168,73.9651,56.7399,230.7094,153.9305,76.8838,56.4256,197.7003,125.5066,0.336
United Kingdom,1954,50852.335,24536.379,26433.559,209.9766,92.8228,33.9469,0.461,797.765,15.655,11.34,70.1646,67.4143,72.8055,55.0347,59.9524,11.9544,14.9338,5.1297,6.3226,26.1473,779.317,30.0082,69.6039,52.5095,226.2743,148.8687,74.7304,54.6878,195.499,123.2562,0.301
United Kingdom,1955,51087.543,24655.522,26537.744,210.8967,92.9074,34.1005,0.413,792.127,15.476,11.636,70.1291,67.3736,72.7733,54.9513,59.9524,11.8098,14.7396,5.0142,6.1344,25.771,774.046,29.7762,68.8509,50.9951,224.7338,145.7845,74.0362,51.639,194.3557,119.6542,0.291
United Kingdom,1956,51298.99,24778.762,26642.852,211.8374,93.0034,34.271,0.477,830.388,16.146,11.632,70.4009,67.5864,73.1019,55.0619,60.141,11.8102,14.8146,5.0443,6.1693,24.7935,812.085,28.3889,65.8085,47.9299,220.6592,140.4506,71.9875,49.9494,191.4583,115.9931,0.254
United Kingdom,1957,51544.237,24917.745,26764.655,212.9117,93.0994,34.405,0.535,856.534,16.571,11.445,70.5211,67.6096,73.3161,55.0639,60.3893,11.9606,15.166,5.3032,6.4976,24.3256,837.977,28.1417,66.3376,48.8442,222.8201,141.6796,72.7945,50.6047,193.8965,116.8855,0.219
United Kingdom,1958,51820.562,25065.761,26895.053,214.0587,93.1984,34.4848,0.54,876.861,16.874,11.629,70.7023,67.7921,73.4937,55.1581,60.4408,11.8763,15.0463,5.1465,6.3357,23.5153,858.44,26.9665,63.7054,45.454,217.8026,137.0338,70.6967,48.2092,189.8477,113.736,0.153
United Kingdom,1959,52101.065,25216.686,27024.961,215.2156,93.3089,34.5186,0.538,883.452,16.91,11.6,70.826,67.9209,73.6019,55.227,60.5812,11.9681,15.1339,5.2611,6.4138,23.0124,865.255,26.6251,63.3001,45.7983,215.8816,135.8342,70.4829,47.1998,188.6071,112.1126,0.071
United Kingdom,1961,52703.805,25549.207,27312.044,217.7681,93.5456,34.4823,0.596,948.24,17.934,11.941,70.7895,67.8122,73.6541,55.1001,60.5459,11.8463,15.0476,5.2222,6.3451,22.3751,929.224,26.0263,63.3436,43.6422,215.1805,133.6216,71.5327,46.6661,188.047,110.9132,-0.038
United Kingdom,1962,53018.697,25720.97,27462.66,219.0962,93.658,34.3975,0.62,975.683,18.34,11.942,70.8593,67.8246,73.7885,55.1267,60.6754,11.823,15.191,5.1963,6.4183,22.6513,955.874,26.0635,62.837,43.8819,214.5676,133.1282,70.5387,46.8472,187.2509,110.513,-0.198
United Kingdom,1963,53348.563,25892.244,27616.27,220.4346,93.7572,34.2665,0.598,989.475,18.487,12.184,70.7645,67.7129,73.7242,54.9542,60.5783,11.6944,15.0899,5.0729,6.3302,21.9275,970.049,25.4797,62.2364,43.1118,216.2148,133.5831,71.7091,47.1045,189.6126,111.3576,-0.325
United Kingdom,1964,53668.465,26076.185,27785.315,221.8888,93.8488,34.1177,0.717,1015.51,18.846,11.287,71.5487,68.4101,74.5631,55.5561,61.3625,12.2997,15.8309,5.5759,6.887,21.0539,996.406,24.1969,60.9106,41.3306,209.6403,129.2055,71.1984,45.6359,184.2216,107.7513,-0.395
United Kingdom,1965,54054.535,26266.266,27963.3,223.4051,93.9312,33.9732,0.646,999.116,18.421,11.523,71.5244,68.3618,74.5797,55.4248,61.2885,12.1241,15.7565,5.467,6.8435,19.6988,981.585,22.9239,59.5145,40.474,208.4732,128.7063,71.1798,45.7981,183.936,108.2865,-0.443
United Kingdom,1966,54404.596,26437.332,28123.17,224.7684,94.0055,33.8212,0.571,980.608,17.97,11.772,71.4391,68.282,74.5009,55.3344,61.1935,11.9899,15.6397,5.3484,6.7382,19.6014,963.491,22.9367,59.4614,40.0038,208.658,128.7936,71.1705,45.2827,184.2297,108.5718,-0.484
United Kingdom,1967,54716.408,26601.006,28275.358,226.0696,94.0784,33.6601,0.583,962.634,17.539,11.231,72.0751,68.9335,75.0859,55.882,61.741,12.354,16.1022,5.6511,7.0495,18.6276,946.702,21.6911,55.8961,38.5307,200.1261,124.3274,67.9232,43.4766,176.8791,104.596,-0.479
United Kingdom,1968,55036.321,26753.814,28415.43,227.2762,94.1524,33.4788,0.482,948.253,17.185,11.89,71.6872,68.5631,74.7148,55.5506,61.3366,11.9527,15.7082,5.3522,6.722,18.7378,932.462,21.9429,55.4502,37.9792,202.7677,125.7418,67.5223,43.6009,179.033,106.3225,-0.478
United Kingdom,1969,55302.167,26885.436,28535.083,228.3113,94.2189,33.2999,0.427,922.275,16.64,11.894,71.6646,68.466,74.7853,55.392,61.3389,11.9325,15.8258,5.5336,6.9587,18.2454,907.337,21.3556,55.1402,36.9919,205.4355,127.8848,70.2412,44.8148,182.4821,109.3915,-0.475
United Kingdom,1970,55538.871,27006.4,28643.765,229.2574,94.2837,33.156,0.4,904.554,16.252,11.773,71.8843,68.6956,74.9856,55.6182,61.5621,12.0952,15.9738,5.5702,6.9844,18.4984,889.691,21.3914,54.8707,36.864,203.1397,125.6556,68.1842,43.8687,180.2717,106.8854,-0.48
United Kingdom,1971,55761.46,27127.274,28748.628,230.1873,94.3602,33.0387,0.41,900.804,16.118,11.538,72.236,69.0448,75.3258,55.9188,61.8724,12.3248,16.2459,5.6054,7.095,17.8334,886.557,20.6191,53.8728,36.1089,198.484,123.7793,67.8487,42.9217,176.1379,105.3926,-0.484
United Kingdom,1972,55990.346,27226.625,28830.691,230.9347,94.4363,32.9499,0.239,831.322,14.833,12.012,71.9897,68.8351,75.0696,55.623,61.577,12.0368,15.9977,5.4385,6.9403,17.0389,818.783,20.0065,52.9426,35.7489,200.5792,125.5533,67.9978,43.247,179.2463,107.6174,-0.431
United Kingdom,1973,56124.285,27290.457,28876.173,231.385,94.5086,32.891,0.151,775.548,13.81,11.906,72.1866,69.0105,75.2852,55.7749,61.735,12.21,16.094,5.4894,6.9557,16.6647,764.117,19.5004,53.4112,34.799,200.1274,122.7816,68.7803,42.8451,179.1232,105.5268,-0.397
United Kingdom,1974,56208.974,27332.917,28900.858,231.6616,94.5748,32.8422,0.088,737.558,13.117,11.86,72.3781,69.222,75.4517,55.9441,61.8775,12.2937,16.2201,5.5085,7.0279,16.4098,726.86,19.1134,51.6523,33.9524,196.5547,121.6433,67.1679,41.6287,176.0555,104.6766,-0.375
United Kingdom,1975,56258.578,27356.665,28910.178,231.7979,94.6264,32.8111,0.029,698.494,12.415,11.769,72.6523,69.5072,75.7091,56.1358,62.0744,12.3778,16.3827,5.5219,7.1067,15.5782,688.894,18.0723,49.8755,33.1839,190.796,118.9468,65.2724,41.0248,171.3123,102.7317,-0.352
United Kingdom,1976,56275.107,27361.442,28901.789,231.783,94.6704,32.8387,-0.042,675.21,12.001,12.1,72.6366,69.525,75.6749,56.0527,61.9116,12.291,16.2136,5.4065,6.9359,14.2436,666.752,16.5854,48.5879,31.2154,190.0883,117.7972,64.2436,40.5068,171.8011,103.0457,-0.323
United Kingdom,1977,56251.356,27357.817,28887.023,231.7072,94.7063,32.9415,-0.023,659.236,11.72,11.652,73.1137,69.9948,76.1369,56.4789,62.373,12.6283,16.6019,5.6839,7.25,14.0821,651.074,16.3525,46.9453,30.8853,184.6883,114.6769,62.5389,39.2874,166.9418,99.9908,-0.3
United Kingdom,1978,56238.324,27358.871,28881.897,231.6904,94.7267,33.0761,0.009,687.869,12.227,11.872,73.0446,69.9369,76.069,56.3791,62.3053,12.5776,16.5952,5.6352,7.2709,13.6194,679.642,15.9289,47.4959,31.421,185.7051,116.4837,63.3636,39.6716,168.4483,101.7801,-0.268
United Kingdom,1979,56243.212,27372.463,28892.691,231.7909,94.7384,33.1842,0.078,733.943,13.039,12.011,73.1622,70.0604,76.1885,56.454,62.3614,12.6027,16.5845,5.5838,7.2491,13.2051,725.44,15.2296,45.9847,29.4858,185.2448,114.4263,62.1639,38.0569,168.5815,100.4767,-0.248
United Kingdom,1980,56287.095,27402.062,28924.266,232.0429,94.7373,33.3134,0.139,752.404,13.355,11.747,73.593,70.5145,76.5743,56.8279,62.7022,12.8331,16.8348,5.6825,7.4412,12.3632,744.259,14.3869,43.6375,28.7334,177.5355,109.965,59.4214,36.5359,161.7859,96.5462,-0.215
United Kingdom,1981,56365.561,27433.662,28962.184,232.3293,94.7224,33.5118,0.107,730.019,12.945,11.676,73.9187,70.8502,76.8847,57.0794,62.8869,12.9677,16.9305,5.7227,7.4651,11.1048,722.941,13.0611,41.6759,26.1482,172.5783,106.2296,58.066,35.3308,157.8032,94.2847,-0.195
United Kingdom,1982,56426.132,27457.006,28993.127,232.5529,94.7018,33.7506,0.085,722.692,12.802,11.764,74.0411,71.0324,76.9442,57.2248,62.9268,12.9898,16.93,5.7073,7.4759,10.9106,715.811,12.7544,40.8451,25.9633,168.0843,104.2255,56.2935,34.4139,153.717,92.5078,-0.187
United Kingdom,1983,56474.134,27477.713,29023.899,232.765,94.6727,33.9809,0.097,725.889,12.846,11.688,74.2947,71.2725,77.2153,57.3978,63.1578,13.0915,17.0885,5.7693,7.5759,10.1922,719.443,11.9358,39.3456,24.9149,163.5863,101.5828,55.5949,33.3222,149.9766,90.3362,-0.185
United Kingdom,1984,56529.09,27504.542,29063.711,233.0395,94.6353,34.1678,0.138,734.114,12.976,11.424,74.6767,71.6778,77.5534,57.7583,63.4585,13.3791,17.3632,5.9475,7.8092,9.6802,727.93,11.4217,38.361,24.1857,158.288,99.219,54.1488,32.5679,145.2115,88.4422,-0.167
United Kingdom,1985,56607.415,27535.847,29107.197,233.3477,94.6015,34.3103,0.126,752.085,13.275,11.864,74.5378,71.6118,77.36,57.6663,63.2599,13.1809,17.0974,5.7569,7.5908,9.4042,745.934,11.2094,37.6615,23.8845,156.445,97.7869,53.3161,31.9679,143.6286,87.0099,-0.153
United Kingdom,1986,56678.674,27569.794,29152.114,233.6726,94.5722,34.4153,0.152,756.039,13.328,11.671,74.7958,71.8185,77.6717,57.8724,63.5353,13.3659,17.2936,5.899,7.7491,9.5112,749.784,11.1709,38.0234,23.2611,154.0342,94.7428,53.3256,31.5903,141.2789,84.4224,-0.132
United Kingdom,1987,56765.144,27616.418,29209.904,234.1027,94.5447,34.5065,0.215,774.597,13.628,11.36,75.1476,72.2112,77.9578,58.2409,63.8087,13.6508,17.5792,6.121,8.0114,9.2364,768.378,10.8673,37.8153,23.2031,149.9923,93.6654,52.3121,31.3578,137.518,83.5247,-0.115
United Kingdom,1988,56887.5,27674.743,29277.906,234.6231,94.5243,34.5923,0.229,785.035,13.782,11.41,75.2612,72.3402,78.0619,58.3706,63.8885,13.7449,17.6021,6.1312,8.001,9.0238,778.88,10.6656,38.2594,22.7746,147.2862,91.616,52.8332,31.3094,134.7708,81.7634,-0.085
United Kingdom,1989,57017.796,27733.756,29342.343,235.1317,94.5179,34.6818,0.204,778.138,13.633,11.535,75.3953,72.5791,78.083,58.5505,63.8729,13.7746,17.5167,6.0458,7.9037,8.4257,772.449,10.0641,37.5237,22.2592,142.3306,89.8454,51.9329,30.6117,130.512,80.3942,-0.056
United Kingdom,1990,57134.402,27798.722,29411.72,235.6851,94.5158,34.7754,0.266,794.465,13.885,11.215,75.7359,72.8411,78.504,58.7661,64.2568,14.0018,17.8499,6.2533,8.1775,8.0383,788.929,9.535,37.9313,21.4585,140.5306,87.103,52.6248,29.7874,129.2851,78.1199,-0.012
United Kingdom,1991,57286.483,27871.224,29488.23,236.299,94.5164,34.8693,0.254,788.863,13.754,11.266,75.9098,73.0805,78.6136,58.9485,64.3251,14.0827,17.8131,6.2484,8.1281,7.3476,783.847,8.8236,36.6941,20.9038,137.392,84.3632,51.9424,29.3409,126.8174,75.8401,0.057
United Kingdom,1992,57432.424,27945.575,29563.665,236.9161,94.5268,34.985,0.267,777.262,13.517,11.02,76.3063,73.5118,78.9624,59.278,64.5997,14.3027,18.0293,6.397,8.3199,6.5282,772.879,7.8211,34.6458,19.7309,132.0584,81.7525,50.3388,28.7972,122.7213,74.138,0.174
United Kingdom,1993,57586.056,28015.997,29631.466,237.4855,94.5481,35.1269,0.213,759.835,13.184,11.415,76.1627,73.441,78.7679,59.1862,64.3992,14.1628,17.8059,6.2162,8.0674,6.3282,755.683,7.6277,34.2419,19.6431,131.7039,81.8171,49.9209,28.7972,122.5985,74.2399,0.362
United Kingdom,1994,57708.869,28088.096,29697.804,238.0558,94.5797,35.2932,0.267,747.269,12.936,10.848,76.7221,73.9952,79.307,59.7157,64.9027,14.6084,18.2402,6.5057,8.3975,6.131,743.315,7.3052,34.2525,18.928,126.8896,79.0868,49.5598,28.7001,118.1034,71.9875,0.578
United Kingdom,1995,57862.931,28164.075,29766.289,238.6509,94.6174,35.4788,0.233,730.546,12.617,11.13,76.6164,73.9243,79.1863,59.6353,64.7818,14.5391,18.0995,6.3798,8.2414,6.1408,726.674,7.2104,34.571,19.0163,127.4132,79.6392,50.6901,28.7001,118.747,72.5256,0.842
United Kingdom,1996,57997.797,28244.141,29834.446,239.2615,94.6696,35.6727,0.278,729.681,12.571,10.929,76.8748,74.2187,79.4034,59.9291,64.9921,14.7945,18.266,6.497,8.3281,6.1661,725.798,7.2921,34.3488,19.232,125.6137,78.2484,50.3198,28.3504,116.9915,71.2355,1.142
United Kingdom,1997,58159.376,28338.462,29911.735,239.9685,94.7403,35.8794,0.312,723.36,12.428,10.79,77.1418,74.5658,79.5821,60.2409,65.1559,15.0137,18.3821,6.5952,8.3719,5.7903,719.748,6.862,33.3369,18.703,122.5328,76.6161,49.3221,27.9714,114.3296,69.7762,1.483
United Kingdom,1998,58341.019,28442.821,29995.5,240.7435,94.8236,36.0989,0.333,713.633,12.224,10.751,77.277,74.7141,79.7145,60.3822,65.2718,15.1473,18.4644,6.6586,8.3993,5.6784,710.14,6.7847,33.2791,18.2523,121.7252,75.8316,49.4362,27.7186,113.6296,69.1993,1.861
United Kingdom,1999,58535.623,28553.554,30081.649,241.5546,94.9202,36.3239,0.34,697.052,11.903,10.777,77.3757,74.8715,79.7611,60.5398,65.3195,15.2443,18.4852,6.6892,8.361,5.7393,693.603,6.8307,33.1529,18.0853,120.4592,74.9716,48.8372,27.7478,112.379,68.3239,2.275
United Kingdom,2000,58734.782,28674.538,30175.505,242.4397,95.0259,36.5582,0.392,676.427,11.511,10.331,77.8525,75.3775,80.1942,61.0071,65.73,15.6467,18.8764,6.865,8.5912,5.5264,673.205,6.4438,32.2744,17.8595,116.0608,73.9444,48.2758,27.6019,108.4558,67.6063,2.743
United Kingdom,2001,58965.305,28809.41,30282.606,243.4365,95.1352,36.802,0.429,667.031,11.307,10.176,78.1239,75.6933,80.4203,61.3095,65.967,15.9115,19.0534,6.9643,8.648,5.4564,663.895,6.3722,31.7521,17.5355,114.6369,72.2576,48.1711,26.6972,107.2157,65.7863,3.165
United Kingdom,2002,59218.727,28956.939,30398.751,244.5227,95.257,37.0449,0.461,668.008,11.274,10.204,78.2411,75.846,80.5162,61.4673,66.0191,16.0401,19.0653,6.9993,8.6037,5.2445,664.991,6.1718,31.2872,17.0555,113.3787,70.7828,47.7998,26.7556,105.9023,64.8236,3.553
United Kingdom,2003,59492.653,29122.047,30527.752,245.7343,95.3953,37.2721,0.527,693.324,11.644,10.235,78.334,76.0625,80.4883,61.6632,66.0404,16.166,19.0629,6.9901,8.5378,5.3801,690.11,6.3551,30.1442,17.4962,111.0001,71.1157,46.3323,26.4928,103.7808,64.5804,3.869
United Kingdom,2004,59806.945,29313.408,30682.443,247.1599,95.5381,37.4808,0.63,712.471,11.899,9.721,78.9045,76.6253,81.0588,62.2096,66.5632,16.5844,19.5183,7.2811,8.8678,5.1146,709.334,5.9819,28.961,16.77,106.5536,67.9998,44.5855,25.6747,99.5496,62.0607,4.132
United Kingdom,2005,60184.756,29525.278,30858.464,248.7579,95.6797,37.6778,0.659,717.886,11.914,9.646,79.1116,76.9036,81.1966,62.4936,66.6885,16.7985,19.6086,7.3647,8.9,5.1025,714.732,5.9349,28.1639,16.0624,104.5048,67.3663,43.6488,25.0704,97.4491,61.5729,4.337
United Kingdom,2006,60582.727,29752.816,31050.884,250.488,95.8195,37.8609,0.727,740.64,12.207,9.417,79.355,77.1136,81.4779,62.6971,66.9932,17.1088,19.9077,7.5354,9.1076,5.0584,737.415,5.9491,29.6117,16.3866,106.2143,66.8529,45.149,24.9046,99.2524,60.803,4.494
United Kingdom,2007,61024.673,29998.911,31261.766,252.3705,95.9604,38.0279,0.77,765.384,12.521,9.377,79.5424,77.352,81.6235,62.934,67.1106,17.276,19.992,7.6181,9.1102,4.9023,762.155,5.7908,29.35,15.8167,104.5148,65.7238,44.1746,24.534,97.5845,60.0044,4.577
United Kingdom,2008,61496.679,30258.873,31483.278,254.354,96.1109,38.1743,0.795,785.489,12.75,9.387,79.6652,77.5504,81.6794,63.1026,67.1568,17.4179,20.045,7.6866,9.1003,4.7584,782.274,5.5843,28.9428,16.0336,103.2518,65.6962,44.7193,24.7389,96.6997,60.0984,4.606
United Kingdom,2009,61987.622,30527.585,31715.793,256.4189,96.2536,38.3138,0.822,785.284,12.646,8.995,80.1668,78.0269,82.2004,63.5547,67.673,17.786,20.4964,7.9118,9.4436,4.6778,782.125,5.394,27.5926,15.5121,100.5129,63.6666,43.4383,23.8998,94.2756,58.1413,4.586
United Kingdom,2010,62499.133,30802.755,31957.283,258.5473,96.3873,38.4602,0.831,800.876,12.789,8.953,80.4008,78.3572,82.3423,63.8568,67.7985,17.9646,20.588,8.0411,9.4809,4.4109,797.84,5.1286,25.6084,15.2071,97.0356,62.7676,41.0631,23.4311,91.1272,57.4441,4.497
United Kingdom,2011,63020.944,31082.938,32203.425,260.7156,96.5206,38.6049,0.839,804.222,12.736,8.724,80.8046,78.7785,82.7273,64.2979,68.1395,18.2692,20.8771,8.2234,9.7038,4.3343,801.226,5.047,24.6912,14.2526,93.3704,60.526,39.1817,22.8939,87.2472,55.7365,4.395
United Kingdom,2012,63551.78,31362.781,32445.946,262.8675,96.6616,38.7298,0.805,809.031,12.706,8.917,80.8659,78.9672,82.6729,64.4561,68.0787,18.2991,20.7383,8.1776,9.5199,4.1277,806.163,4.7714,23.3358,13.6216,89.7195,59.1065,37.7683,21.8771,83.937,54.3758,4.281
United Kingdom,2013,64065.674,31629.55,32672.747,264.9008,96.8071,38.8258,0.736,780.843,12.171,8.973,80.9291,79.0043,82.7763,64.4621,68.1683,18.3668,20.8138,8.1945,9.5587,3.8432,778.267,4.5261,23.1708,13.6419,90.6031,58.4482,38.5955,21.9163,85.1911,53.8745,4.178
United Kingdom,2014,64538.92,31883.658,32889.846,266.842,96.9407,38.9103,0.724,777.766,12.032,8.818,81.1602,79.2516,82.9922,64.7034,68.3903,18.5836,21.063,8.3763,9.7701,3.844,775.2,4.4688,22.9368,13.9768,89.2384,58.2782,38.3358,22.542,83.9003,53.6474,4.044
United Kingdom,2015,65008.088,32128.08,33096.283,268.6994,97.0746,38.9725,0.663,780.094,11.984,9.244,80.9238,79.0587,82.7336,64.5222,68.1107,18.4225,20.7707,8.2029,9.463,3.8707,777.502,4.4997,23.2193,13.7999,90.0569,58.4766,38.6051,22.6496,84.5872,54.0731,3.905
United Kingdom,2016,65440.64,32362.414,33292.789,270.4743,97.2055,39.0166,0.654,777.997,11.873,9.092,81.0747,79.2139,82.8798,64.6517,68.2747,18.6101,20.9962,8.3896,9.7141,3.8449,775.429,4.4677,23.181,14.0557,90.8398,59.7181,39.7004,22.9329,85.685,55.132,3.768
United Kingdom,2017,65869.766,32584.428,33480.376,272.1617,97.324,39.0629,0.59,756.659,11.476,9.185,81.1684,79.3016,82.9925,64.7456,68.378,18.6452,21.0143,8.3872,9.6844,3.8814,754.138,4.4256,22.741,13.5825,89.8662,57.5907,39.028,22.3563,84.6421,53.1078,3.625
United Kingdom,2018,66259.843,32784.781,33648.212,273.6785,97.4339,39.1362,0.521,731.289,11.029,9.283,81.1254,79.2655,82.9506,64.7,68.332,18.7055,21.0323,8.4428,9.7091,3.791,728.91,4.3252,23.6791,14.0066,92.2934,59.0128,40.8042,23.2456,87.1833,54.5838,3.477
United Kingdom,2019,66606.144,32972.061,33806.598,275.1025,97.5314,39.2746,0.517,709.079,10.637,8.78,81.725,79.931,83.4731,65.3608,68.8464,19.2318,21.4997,8.8708,10.1008,3.7597,706.791,4.2722,22.6914,13.5651,87.9778,57.1567,38.3001,22.6378,82.9482,52.8394,3.318
United Kingdom,2020,66951.174,33122.378,33937.096,276.2594,97.5993,39.4505,0.323,678.528,10.136,10.053,80.4345,78.4319,82.4483,63.8453,67.8088,18.2007,20.6762,8.2592,9.5282,3.6865,676.382,4.1843,25.0409,14.2366,102.8176,62.9924,43.7037,25.246,97.9641,58.7978,3.153
United Kingdom,2021,67167.774,33238.585,34042.454,277.1721,97.6386,39.637,0.337,677.219,10.081,9.716,80.7422,78.7168,82.7722,64.122,68.1266,18.6709,21.1268,8.6682,9.9548,3.6147,675.119,4.0983,25.8219,14.7318,104.5321,64.9347,46.5344,26.2376,99.8032,60.8353,3.007
United Kingdom,2022,67394.305,33360.472,34148.463,278.111,97.6925,39.8468,0.34,676.887,10.039,9.098,82.1564,80.4389,83.8335,65.8152,69.1655,19.4688,21.6638,8.8556,10.0782,3.2144,675.022,3.739,20.8189,12.4995,81.7516,53.3705,36.1265,21.1426,77.3453,49.5323,2.459
United Kingdom,2023,67623.566,33485.588,34251.214,279.0497,97.7647,40.0636,0.334,677.708,10.017,9.12,82.3084,80.6102,83.9682,65.9767,69.2923,19.5876,21.7624,8.9201,10.1356,3.1274,675.892,3.6378,20.4726,12.2971,80.4585,52.5829,35.6357,20.8825,76.1697,48.8387,2.451
Brazil,1950,53151.9,27201.136,26754.224,6.4554,101.6704,17.464,2.978,2504.882,46.432,17.315,48.1155,45.488,51.0247,46.202,51.1399,11.8784,13.5971,5.1732,6.0027,159.0803,2225.609,213.4136,396.0413,331.7633,559.468,469.6937,268.0355,198.2521,400.0417,305.6481,0.669
Brazil,1951,54758.819,28003.71,27587.347,6.6511,101.5093,17.4544,2.994,2576.616,46.354,17.079,48.4262,45.8544,51.257,46.3446,51.1226,11.8742,13.5045,5.1384,5.9019,156.4757,2294.049,209.5229,390.6088,327.7032,554.5385,466.6838,265.2605,197.5178,396.9295,305.1239,0.67
Brazil,1952,56423.296,28835.391,28447.947,6.8536,101.3619,17.4251,3.003,2645.659,46.189,16.761,48.8731,46.3347,51.6543,46.5722,51.2121,11.9088,13.4682,5.1214,5.832,153.6011,2360.85,205.2439,383.7998,321.7838,547.8605,461.3728,261.2628,195.5063,392.2147,302.8634,0.602
Brazil,1953,58143.38,29692.764,29332.915,7.0621,101.2268,17.3786,2.99,2715.617,46.006,16.515,49.2014,46.7551,51.8688,46.8194,51.3211,11.9546,13.4453,5.1085,5.7679,150.6707,2428.854,200.89,378.0153,318.6359,541.751,458.1444,256.9963,193.2586,387.1647,300.3434,0.403
Brazil,1954,59907.977,30580.879,30246.712,7.2776,101.1048,17.3201,3.024,2786.527,45.813,16.132,49.7462,47.2948,52.4112,47.0676,51.4185,12.0033,13.421,5.0968,5.7019,147.7648,2497.952,196.5848,370.4485,310.6216,534.3,451.1708,252.7252,191.1451,382.1342,298.082,0.558
Brazil,1955,61747.204,31506.018,31195.012,7.5018,100.997,17.256,3.043,2856.791,45.567,15.79,50.2219,47.7954,52.8557,47.3187,51.587,12.056,13.4347,5.0883,5.659,144.8529,2566.769,192.2869,363.534,304.461,527.2768,445.0778,248.4171,188.1854,377.0798,294.6639,0.65
Brazil,1956,63654.857,32468.025,32176.861,7.7344,100.9049,17.1901,3.063,2927.55,45.295,15.438,50.7065,48.3173,53.2957,47.5731,51.7376,12.1137,13.4446,5.085,5.6168,141.7547,2636.701,187.728,356.3921,298.3227,520.0241,439.1738,244.0749,185.4509,372.0023,291.6277,0.778
Brazil,1957,65634.916,33467.708,33193.184,7.9756,100.8271,17.1242,3.078,2999.904,45.013,15.098,51.1743,48.7996,53.7469,47.8054,51.8956,12.1648,13.4618,5.0808,5.582,138.7308,2708.225,183.2913,349.769,292.0851,513.3277,433.1233,240.0461,182.6187,367.3743,288.4943,0.875
Brazil,1958,67686.868,34496.67,34239.256,8.2238,100.7518,17.0585,3.053,3070.73,44.679,14.756,51.6436,49.274,54.2116,48.0215,52.0611,12.2119,13.4869,5.077,5.5544,135.6562,2778.781,178.7806,343.2489,285.715,506.817,426.9046,236.2459,179.7183,363.066,285.2782,0.604
Brazil,1959,69784.984,35560.828,35319.992,8.4805,100.6819,16.9901,3.092,3139.942,44.312,14.373,52.1854,49.7922,54.7816,48.2455,52.2756,12.266,13.5396,5.08,5.5456,132.4895,2848.382,174.1606,336.1604,278.1074,499.7597,419.2342,232.3542,176.273,358.6198,281.2605,0.991
Brazil,1961,74208.374,37763.189,37566.819,9.0128,100.5227,16.8677,2.978,3272.231,43.431,13.662,53.1828,50.7884,55.7819,48.6853,52.6576,12.3783,13.6315,5.0971,5.5293,126.1555,2982.913,164.9303,322.7002,264.8128,486.0819,405.7597,224.7571,169.9879,349.8774,274.0791,0.005
Brazil,1962,76451.643,38880.852,38718.366,9.2843,100.4197,16.8205,2.958,3325.058,42.844,13.301,53.7096,51.3462,56.2677,48.9777,52.8343,12.4711,13.6745,5.1308,5.5263,123.1012,3038.187,160.5007,315.495,258.3202,478.0784,399.2072,220.0645,167.0483,344.1279,270.7215,0.031
Brazil,1963,78746.793,40022.356,39893.199,9.5614,100.3238,16.7769,2.925,3370.877,42.176,12.952,54.2088,51.8352,56.7762,49.1987,53.0623,12.5344,13.7448,5.1508,5.5429,120.2017,3086.903,156.3078,309.0286,251.8315,471.2323,392.1172,216.372,163.5662,339.7041,266.4774,0.023
Brazil,1964,81084.317,41178.982,41083.812,9.8422,100.2316,16.7479,2.865,3392.467,41.238,12.621,54.6479,52.2648,57.2227,49.3881,53.2349,12.5862,13.7897,5.1666,5.5478,117.591,3112.882,152.5504,303.3141,245.9128,465.1667,385.9343,213.1432,160.725,335.8343,263.1348,0.034
Brazil,1965,83441.271,42341.802,42281.945,10.1247,100.1416,16.7554,2.795,3393.731,40.106,12.279,55.0844,52.6712,57.6914,49.5599,53.4697,12.6289,13.8608,5.1793,5.5712,115.1428,3119.864,149.0264,297.8686,240.0134,459.431,379.2215,210.1576,157.1751,332.2685,258.7575,0.121
Brazil,1966,85806.224,43501.291,43477.992,10.4065,100.0536,16.8083,2.697,3394.083,39.02,11.968,55.4733,53.0582,58.078,49.7468,53.6374,12.6815,13.9011,5.2005,5.5822,112.9331,3125.444,145.8991,292.8212,234.9106,453.7875,373.717,207.05,154.4085,328.4159,255.488,-0.08
Brazil,1967,88152.342,44654.516,44668.772,10.687,99.9681,16.9083,2.622,3383.691,37.882,11.66,55.8684,53.4459,58.4771,49.9334,53.8245,12.7325,13.9484,5.2224,5.6004,110.7788,3120.983,142.8318,287.7742,229.7595,448.0718,367.9218,203.9471,151.4049,324.5135,251.836,-0.003
Brazil,1968,90494.234,45803.222,45856.024,10.9665,99.8849,17.0404,2.542,3375.598,36.827,11.341,56.3105,53.8832,58.9197,50.1552,54.033,12.796,14.0021,5.2511,5.6234,108.5139,3118.877,139.544,282.1952,224.1288,441.5232,361.4651,200.367,148.1067,319.8925,247.7647,-0.066
Brazil,1969,92824.258,46954.565,47045.815,11.2466,99.806,17.185,2.503,3397.154,36.137,11.062,56.7483,54.3479,59.3213,50.4041,54.2199,12.8754,14.0473,5.2913,5.6454,106.2572,3144.167,136.3482,276.441,219.0278,434.5153,355.5666,196.5429,145.0946,314.8027,244.0538,-0.054
Brazil,1970,95176.504,48120.365,48249.51,11.5301,99.7323,17.3387,2.477,3433.41,35.624,10.82,57.1714,54.7794,59.7302,50.6072,54.3995,12.9324,14.0875,5.3192,5.6658,103.9174,3183.353,133.0217,270.9702,213.8232,428.1074,349.5815,193.3058,142.1731,310.5177,240.4345,-0.04
Brazil,1971,97563.246,49299.338,49466.95,11.8168,99.6612,17.4988,2.436,3466.644,35.094,10.595,57.5858,55.1817,60.1548,50.773,54.5928,12.9715,14.134,5.3386,5.6919,101.526,3219.977,129.6435,265.7791,208.5478,422.2427,343.3419,190.5539,139.1247,306.9198,236.5825,-0.142
Brazil,1972,99969.33,50494.031,50700.362,12.1073,99.593,17.6659,2.421,3505.837,34.641,10.367,58.0321,55.6409,60.5819,50.9902,54.7827,13.0336,14.1777,5.3715,5.7179,99.0662,3262.425,126.1628,260.1012,203.2644,415.4328,337.0651,187.2018,136.1145,302.3995,232.7712,-0.064
Brazil,1973,102419.457,51711.004,51955.901,12.4031,99.5286,17.8406,2.407,3551.78,34.258,10.157,58.4718,56.0766,61.0221,51.1932,54.9917,13.0888,14.2308,5.4014,5.7506,96.6634,3311.159,122.7868,254.7529,197.9858,408.9778,330.5443,184.0703,132.9314,298.1683,228.6505,-0.037
Brazil,1974,104914.351,52942.384,53224.988,12.7023,99.469,18.0249,2.361,3569.444,33.619,9.954,58.8807,56.5401,61.3637,51.427,55.1227,13.1655,14.2504,5.4457,5.7664,94.3061,3333.524,119.5624,249.3244,193.7046,402.1449,325.5239,180.747,130.6765,293.5301,225.8515,-0.061
Brazil,1975,107420.393,54191.033,54509.482,13.0053,99.4158,18.2164,2.355,3627.405,33.366,9.744,59.353,57.0271,61.8155,51.6577,55.3354,13.2258,14.2963,5.4775,5.7947,91.8337,3393.939,116.0348,243.4511,188.2746,394.896,318.7185,177.2494,127.3283,288.7698,221.5476,-0.072
Brazil,1976,109980.637,55466.856,55819.649,13.3147,99.368,18.4097,2.347,3692.372,33.173,9.568,59.7918,57.4888,62.2243,51.8632,55.5087,13.2817,14.3295,5.5085,5.8176,89.3229,3461.222,112.5357,237.9404,183.3404,388.159,312.6342,174.1988,124.5398,284.5715,217.9574,-0.14
Brazil,1977,112592.372,56776.528,57163.358,13.6322,99.3233,18.6058,2.365,3756.437,32.966,9.392,60.2403,57.9239,62.685,52.0262,55.7233,13.3174,14.385,5.5279,5.8529,86.67,3528.261,108.8641,232.6251,178.0481,381.9424,305.7965,171.6639,121.4132,281.1198,213.7262,0.077
Brazil,1978,115287.4,58121.654,58542.728,13.9582,99.2807,18.8048,2.361,3820.013,32.741,9.203,60.7203,58.4159,63.1473,52.2301,55.9086,13.3737,14.4249,5.5581,5.8783,83.7764,3595.722,104.8714,226.7914,172.5758,374.8716,298.9902,168.6923,118.6072,276.9699,209.8968,0.066
Brazil,1979,118041.364,59496.396,59950.908,14.2911,99.2419,19.0057,2.354,3877.629,32.461,8.989,61.2533,58.9699,63.6528,52.4704,56.1318,13.4496,14.4864,5.5985,5.9154,80.6861,3658.354,100.6414,220.352,166.8297,366.9282,291.549,165.3592,115.5251,272.2256,205.4932,0.067
Brazil,1980,120853.243,60900.92,61387.462,14.6311,99.2074,19.2085,2.347,3931.964,32.152,8.779,61.781,59.4937,64.1791,52.664,56.3567,13.5026,14.5496,5.6243,5.9517,77.4381,3717.411,96.2034,214.0822,160.8356,359.5469,283.8635,162.5626,112.4954,268.2771,201.0821,0.098
Brazil,1981,123723.522,62325.394,62842.666,14.9756,99.1769,19.413,2.308,3975.385,31.756,8.558,62.333,60.0279,64.7412,52.8672,56.6272,13.5618,14.6397,5.6527,6.0022,74.1628,3764.193,91.7777,207.7352,154.7302,352.0102,275.6369,159.7257,109.158,264.1991,196.0212,-0.119
Brazil,1982,126612.597,63758.884,64306.21,15.3222,99.1489,19.6205,2.268,3997.827,31.213,8.346,62.8563,60.5254,65.2876,53.0478,56.8791,13.6103,14.7208,5.6733,6.0447,71.0078,3791.287,87.5241,201.7502,148.7203,344.9778,267.6401,157.2022,106.0724,260.5092,191.2518,-0.186
Brazil,1983,129517.592,65200.304,65777.066,15.6706,99.1232,19.834,2.229,4005.389,30.578,8.153,63.3306,60.9838,65.7782,53.2156,57.1038,13.6537,14.787,5.6898,6.0767,68.1544,3804.003,83.694,196.2259,143.2642,338.4587,260.3467,154.9081,103.3021,257.0676,186.8847,-0.137
Brazil,1984,132437.148,66640.984,67247.792,16.019,99.0977,20.0552,2.168,3990.656,29.804,7.97,63.7726,61.3894,66.2595,53.3561,57.3342,13.6849,14.859,5.698,6.1099,65.529,3795.301,80.2003,191.2634,138.0173,332.6796,253.1749,153.0016,100.606,254.1188,182.4828,-0.151
Brazil,1985,135340.402,68072.012,68711.168,16.3653,99.0698,20.2841,2.11,3965.476,28.99,7.796,64.1979,61.7833,66.718,53.4979,57.5615,13.715,14.9279,5.703,6.1382,63.0986,3776.396,76.9492,186.4311,133.0251,326.9965,246.246,151.1042,97.968,251.1297,178.1081,-0.099
Brazil,1986,138225.959,69484.466,70158.888,16.7075,99.0387,20.5195,2.03,3922.677,28.09,7.615,64.6404,62.1807,67.2092,53.6564,57.8411,13.7559,15.0303,5.7126,6.1848,60.8245,3740.458,73.9339,181.6557,128.0622,321.2266,238.8924,149.1409,95.0395,247.9161,173.0947,-0.175
Brazil,1987,141060.751,70876.452,71589.812,17.0452,99.0035,20.7597,1.973,3894.365,27.334,7.447,65.0797,62.5588,67.7154,53.8103,58.1482,13.7956,15.1507,5.7203,6.2411,58.6896,3718.085,71.1242,177.0976,123.1588,315.7073,231.394,147.3058,92.0,244.8047,167.8111,-0.157
Brazil,1988,143871.778,72249.586,73004.388,17.3787,98.9661,21.0054,1.903,3837.396,26.42,7.31,65.454,62.9286,68.0909,53.9683,58.3353,13.8398,15.2026,5.7297,6.2554,56.6745,3668.112,68.5072,172.6527,119.033,310.2909,225.6806,145.4957,89.9521,241.6679,164.2053,-0.078
Brazil,1989,146636.169,73603.042,74400.37,17.7077,98.9283,21.257,1.848,3797.734,25.661,7.165,65.8676,63.315,68.5317,54.1414,58.5721,13.8915,15.2852,5.7414,6.2869,54.6245,3634.76,65.8115,167.9999,114.459,304.5984,219.2004,143.5371,87.5665,238.281,160.03,-0.019
Brazil,1990,149370.653,74926.452,75779.994,18.0311,98.8737,21.512,1.773,3743.708,24.844,7.158,65.9848,63.0985,69.0414,53.6894,58.8799,13.6226,15.4116,5.568,6.3445,52.5652,3587.683,63.1285,167.6309,109.8388,308.4185,211.9118,147.9633,84.6645,244.8601,155.0318,0.043
Brazil,1991,152042.239,76207.261,77129.183,18.3458,98.8047,21.7701,1.688,3702.867,24.148,7.068,66.3096,63.4424,69.3346,53.8085,58.9613,13.6486,15.4042,5.5656,6.3209,50.388,3553.51,60.3164,163.2755,106.1951,303.4838,207.4622,146.5274,83.4092,242.3864,152.9997,-0.2
Brazil,1992,154630.65,77454.942,78445.848,18.6526,98.7368,22.0347,1.629,3644.158,23.376,6.951,66.7082,63.7992,69.7753,53.9293,59.1819,13.6775,15.4854,5.5657,6.3511,48.0973,3502.444,57.3879,158.7527,101.8528,298.4884,201.27,145.0676,81.1858,239.9961,149.3349,-0.13
Brazil,1993,157170.929,78689.973,79750.902,18.9565,98.6697,22.3064,1.603,3647.974,23.022,6.855,67.1092,64.1904,70.1797,54.0783,59.3552,13.7211,15.5398,5.5752,6.364,45.6561,3511.89,54.2724,153.9434,97.5905,293.0922,195.6139,143.2864,79.277,237.2701,146.3478,-0.139
Brazil,1994,159710.821,79924.696,81055.777,19.2603,98.6046,22.5817,1.577,3636.014,22.586,6.74,67.5684,64.637,70.6462,54.2578,59.5928,13.7791,15.6347,5.594,6.4011,43.1626,3506.419,51.0993,148.5253,93.0879,286.9973,189.2821,141.1411,76.8895,234.1525,142.6647,-0.072
Brazil,1995,162250.123,81155.182,82360.145,19.5636,98.537,22.8594,1.548,3649.91,22.319,6.685,67.9191,64.9046,71.0891,54.2708,59.8002,13.7514,15.7142,5.5642,6.4281,40.6929,3525.988,47.9813,144.4138,88.6521,283.7497,183.3496,140.65,74.7097,233.7842,139.4724,-0.161
Brazil,1996,164780.532,82377.561,83659.561,19.8653,98.4676,23.1406,1.514,3627.362,21.846,6.564,68.409,65.3761,71.5917,54.4969,60.0879,13.8356,15.8481,5.5986,6.4883,38.3115,3510.265,44.9904,138.9579,84.213,277.413,176.8431,137.9735,72.0323,230.1859,135.4759,-0.147
Brazil,1997,167293.713,83593.268,84953.439,20.1656,98.3989,23.4289,1.487,3620.076,21.477,6.488,68.8128,65.7434,72.0302,54.6376,60.3135,13.8774,15.9457,5.608,6.5251,36.0656,3509.05,42.1957,134.3295,80.0791,272.7269,171.1843,136.1024,69.7542,228.0547,132.3107,-0.121
Brazil,1998,169799.701,84799.768,86240.036,20.4639,98.3299,23.722,1.45,3602.19,21.06,6.429,69.1885,66.0905,72.4318,54.769,60.5169,13.9165,16.0331,5.6144,6.5534,33.9171,3497.389,39.5338,129.9073,76.2733,268.3815,166.0547,134.2302,67.6199,226.1438,129.5029,-0.131
Brazil,1999,172279.906,85981.42,87504.861,20.7566,98.259,24.0227,1.391,3546.785,20.445,6.386,69.5237,66.3814,72.8125,54.8422,60.7146,13.9277,16.121,5.6036,6.5809,31.895,3448.961,37.0513,125.8233,72.7272,264.9511,161.2098,132.8053,65.5166,225.1976,126.8058,-0.151
Brazil,2000,174692.656,87124.33,88749.39,21.0422,98.1689,24.3342,1.343,3489.128,19.841,6.399,69.7367,66.2622,73.4308,54.5246,61.1604,13.735,16.3725,5.4758,6.7108,29.9885,3397.962,34.7227,124.4951,68.476,267.858,153.7491,135.3381,62.3308,230.4174,121.3899,-0.01
Brazil,2001,177054.783,88233.218,89978.663,21.322,98.0602,24.6599,1.299,3433.869,19.271,6.303,70.1949,66.6441,73.969,54.721,61.5334,13.8134,16.5823,5.5017,6.8146,28.158,3349.018,32.5007,120.0088,64.6587,262.8282,147.2434,132.7711,59.6626,227.4736,116.8395,0.019
Brazil,2002,179368.98,89303.58,91173.105,21.5929,97.9495,25.002,1.228,3351.52,18.574,6.329,70.4103,66.8448,74.1895,54.7365,61.5961,13.7989,16.5924,5.4741,6.7911,26.3949,3273.357,30.3714,116.6614,62.0343,260.5937,144.1329,131.9384,58.7733,227.3477,115.5724,0.033
Brazil,2003,181584.391,90318.606,92310.671,21.8505,97.842,25.3618,1.144,3259.436,17.85,6.313,70.7204,67.2058,74.4198,54.9341,61.6752,13.88,16.6141,5.5015,6.7741,24.7467,3187.714,28.3953,112.4512,59.4305,255.6861,140.8523,129.2733,57.7713,224.2737,114.0589,-0.093
Brazil,2004,183674.165,91303.58,93418.462,22.1009,97.7361,25.734,1.135,3257.137,17.632,6.258,71.1307,67.5368,74.9161,55.0928,62.0328,13.9412,16.8217,5.5188,6.877,23.1816,3189.597,26.5274,108.353,56.1345,251.2299,134.8052,126.961,55.3058,221.7738,109.6564,-0.029
Brazil,2005,185769.921,92281.701,94515.633,22.3492,97.6364,26.1144,1.1,3238.499,17.335,6.106,71.7533,68.2517,75.4019,55.656,62.3907,14.2165,17.0309,5.6605,6.9831,21.7204,3175.55,24.7863,102.1458,53.0312,240.729,128.927,120.8245,52.901,212.9493,105.2941,-0.23
Brazil,2006,187824.746,93237.364,95583.318,22.5912,97.5456,26.506,1.055,3182.01,16.852,6.123,72.0373,68.5446,75.665,55.8022,62.5339,14.2672,17.0959,5.6754,6.9991,20.3967,3124.106,23.2201,98.4684,50.6947,236.6542,125.2722,118.5963,51.6307,210.5462,103.0476,-0.18
Brazil,2007,189816.618,94163.019,96616.434,22.8256,97.4607,26.9091,1.009,3123.429,16.372,6.119,72.3653,68.956,75.88,56.0837,62.6411,14.3891,17.1356,5.7337,7.002,19.2169,3070.026,21.8355,94.2624,48.6252,230.643,122.0593,115.1455,50.5589,206.0004,101.0986,-0.159
Brazil,2008,191742.287,95059.746,97612.57,23.0521,97.3847,27.3236,0.965,3071.834,15.943,6.106,72.7153,69.3781,76.1337,56.3871,62.8019,14.5216,17.2111,5.8005,7.0324,18.1794,3022.268,20.6304,90.104,46.6144,224.3207,118.4576,111.5453,49.2558,201.0223,98.5869,-0.184
Brazil,2009,193602.347,95935.867,98581.682,23.2728,97.3161,27.7452,0.941,3057.083,15.715,6.155,72.9484,69.6643,76.2987,56.565,62.8849,14.5821,17.2311,5.8266,7.0301,17.2633,3010.34,19.5549,86.7448,44.9508,219.7592,115.6206,109.0498,48.3231,197.6936,96.7018,-0.151
Brazil,2010,195432.75,96806.825,99546.667,23.4925,97.2477,28.1698,0.938,3041.789,15.492,6.199,73.1821,69.8443,76.5924,56.6522,63.1097,14.5897,17.3477,5.8245,7.0948,16.4903,2997.442,18.6671,84.0527,43.0876,216.9467,112.1783,107.3427,46.7575,195.9482,94.0869,0.086
Brazil,2011,197274.234,97676.016,100509.286,23.7117,97.1811,28.5951,0.919,3033.63,15.309,6.283,73.3432,70.0887,76.6512,56.819,63.1118,14.6393,17.3099,5.8508,7.064,15.8698,2991.128,17.9766,81.1574,41.9771,213.115,110.9586,104.9811,46.2568,193.0105,93.5335,0.17
Brazil,2012,199096.37,98526.889,101450.818,23.9261,97.1179,29.0232,0.881,2986.828,14.939,6.34,73.5517,70.2868,76.8691,56.9396,63.2666,14.6556,17.3736,5.8615,7.1015,15.2677,2946.626,17.2351,78.4277,40.3662,209.8337,108.2139,102.9266,45.0332,190.6235,91.5467,0.217
Brazil,2013,200859.043,99355.387,102366.379,24.1348,97.0586,29.4559,0.855,2962.857,14.69,6.31,73.9185,70.7454,77.1195,57.3411,63.4728,14.8289,17.4733,5.9714,7.1678,14.8152,2924.2,16.7161,74.6584,38.9013,202.7429,105.2681,98.629,43.6219,184.1847,89.1379,0.175
Brazil,2014,202584.491,100185.186,103274.465,24.3427,97.0087,29.888,0.86,3001.591,14.753,6.272,74.3058,71.1908,77.4319,57.7394,63.7492,14.9966,17.6213,6.0851,7.2705,14.4465,2963.436,16.2905,71.0965,37.3944,195.845,101.8353,94.4285,41.934,177.8238,86.1496,0.123
Brazil,2015,204334.81,101008.689,104179.515,24.5495,96.9564,30.3138,0.832,3021.946,14.727,6.433,74.3325,71.1237,77.5719,57.6285,63.8557,14.8737,17.6669,6.0273,7.299,14.1396,2984.375,15.9353,69.8342,36.3292,196.0117,99.9151,94.1603,40.9895,178.4982,84.6341,0.023
Brazil,2016,206041.6,101794.39,105065.188,24.7495,96.8869,30.739,0.791,2905.301,14.051,6.538,74.4415,71.0924,77.8481,57.5619,64.104,14.773,17.8143,5.9867,7.3965,13.8851,2869.852,15.6449,68.4306,35.0308,195.6071,96.8749,93.4818,39.4676,178.4994,81.9432,0.399
Brazil,2017,207677.556,102567.011,105937.948,24.9463,96.818,31.1642,0.794,2952.133,14.159,6.493,74.8266,71.6354,78.0322,58.088,64.2744,15.0342,17.9117,6.1623,7.4662,13.6969,2916.616,15.4847,65.0394,34.1583,187.4223,94.7978,88.5821,38.3641,170.4919,80.037,0.27
Brazil,2018,209332.364,103354.449,106812.144,25.1451,96.7628,31.5818,0.794,2969.862,14.133,6.516,75.1095,71.9561,78.2655,58.3852,64.4851,15.1402,18.0305,6.2457,7.5483,13.494,2934.678,15.2358,62.2282,33.0171,182.1067,92.1738,85.0581,36.9866,165.4323,77.6947,0.323
Brazil,2019,211000.821,104119.798,107663.08,25.3385,96.7089,31.9986,0.739,2886.359,13.633,6.572,75.3379,72.2029,78.4695,58.6043,64.6657,15.1954,18.1282,6.2984,7.6146,13.2864,2852.706,14.9796,59.6531,31.9547,177.7809,89.817,82.0395,35.7466,161.4127,75.6257,0.327
Brazil,2020,212564.935,104779.288,108417.015,25.5076,96.6447,32.4154,0.592,2787.294,13.078,7.42,74.0089,70.7003,77.3747,57.0244,63.5088,14.8906,17.7825,6.0626,7.2399,13.0618,2755.362,14.6971,76.2319,34.7822,204.956,108.7984,103.1806,45.0277,189.6837,95.452,0.267
Brazil,2021,213827.672,105291.292,109034.931,25.6428,96.5666,32.8167,0.465,2760.958,12.883,8.326,72.7504,69.5597,76.0086,55.8308,62.1077,14.4845,17.3187,5.9063,7.2813,12.8421,2729.876,14.446,78.6346,39.0598,232.0896,134.0421,116.4835,57.2935,217.7086,121.238,0.095
Brazil,2022,214824.774,105733.027,109580.471,25.7609,96.4889,33.2087,0.454,2723.266,12.649,8.139,73.4248,70.2962,76.5961,56.5362,62.6764,14.6664,17.4429,5.9635,7.276,12.2558,2694.048,13.8249,73.3371,36.9812,217.2132,122.2742,107.9639,52.0112,203.0383,109.601,0.03
Brazil,2023,215802.222,106241.115,110181.331,25.8936,96.4239,33.6197,0.573,2699.785,12.475,6.771,76.1768,73.0657,79.262,59.2061,65.2192,15.6462,18.5484,6.4452,7.8072,10.3183,2675.508,11.7117,56.3679,28.5902,168.127,83.1303,80.2831,34.4883,154.762,71.7698,0.028
United States of America,1950,147095.867,73516.095,74765.455,16.2099,98.329,29.267,1.599,3379.666,22.814,9.636,68.0594,65.3972,71.0125,53.6116,58.6819,12.7712,15.1068,5.9157,6.8811,31.6968,3286.958,36.9879,99.5532,70.1396,287.4527,190.7454,116.753,75.6829,251.4257,159.5862,2.83
United States of America,1951,149467.233,74784.498,75813.955,16.4632,98.6421,29.2599,1.502,3572.09,23.711,9.681,68.1696,65.4113,71.2183,53.6209,58.8735,12.7926,15.1986,5.953,6.8937,31.4417,3474.793,36.8486,99.6652,68.5436,288.168,188.2207,116.2494,73.1375,252.2337,157.2466,0.987
United States of America,1952,151729.673,76079.282,76862.444,16.7193,98.9811,29.2082,1.585,3627.002,23.758,9.647,68.366,65.545,71.496,53.7298,59.1711,12.9378,15.3696,6.0698,7.0308,31.2286,3528.796,36.6855,99.2858,67.7892,286.5779,184.4864,115.9223,71.1519,250.9164,153.2339,1.767
United States of America,1953,154153.781,77221.443,78229.756,16.9937,98.7111,29.2646,1.669,3682.34,23.706,9.584,68.6998,65.7957,71.9145,53.844,59.4383,12.9031,15.4204,6.0116,7.0059,29.8901,3586.404,34.9173,95.6035,63.1455,280.8043,177.7889,113.1508,67.3824,246.5288,148.2658,2.583
United States of America,1954,156748.617,78577.893,79627.98,17.2948,98.6813,29.3012,1.842,3783.142,23.947,9.192,69.4892,66.5729,72.6949,54.4724,60.1064,13.1901,15.8302,6.2586,7.2786,28.5022,3688.644,33.0653,90.1007,59.0976,267.1799,167.8117,106.6531,63.1294,234.3911,139.5938,3.694
United States of America,1955,159663.129,80054.91,81081.539,17.6152,98.7338,29.175,1.829,3814.76,23.714,9.303,69.5456,66.5803,72.8043,54.3989,60.1475,13.051,15.7314,6.1257,7.1369,27.76,3721.685,32.1471,89.0059,57.7699,265.7258,163.9496,106.1526,61.6479,233.7937,136.4562,3.906
United States of America,1956,162609.77,81493.353,82570.058,17.9351,98.696,29.0586,1.772,3914.029,23.888,9.347,69.6301,66.6096,72.9485,54.38,60.2492,13.0277,15.7928,6.0796,7.1408,27.3419,3819.818,31.6138,88.0737,56.6552,264.8348,162.3492,105.6072,60.9533,233.4412,135.3588,3.203
United States of America,1957,165517.053,82879.156,84069.964,18.2506,98.5836,28.9807,1.716,3996.568,23.968,9.578,69.4058,66.363,72.7464,54.1302,60.0678,12.8624,15.6982,6.0191,7.0571,27.3808,3900.248,31.7048,88.6314,57.9912,268.2395,164.7476,106.7603,62.0795,236.8831,137.5004,2.786
United States of America,1958,168381.188,84436.482,85710.619,18.6002,98.5134,28.8348,2.076,3948.342,23.29,9.483,69.6606,66.6033,72.9998,54.3526,60.3265,12.9275,15.8018,6.0196,7.0693,27.3674,3853.225,31.6719,86.5717,56.4624,263.8668,160.5259,103.9063,59.6659,232.6666,133.1944,7.026
United States of America,1959,171913.014,85975.164,87349.444,18.9476,98.4267,28.7361,1.629,3992.771,23.069,9.366,69.8889,66.7524,73.3103,54.4698,60.5755,13.0374,15.9813,6.0922,7.156,26.7225,3898.616,30.8516,85.9981,55.349,262.7635,157.3303,103.6553,58.678,231.9219,130.7292,2.608
United States of America,1961,177640.953,88664.087,90423.191,19.5775,98.0546,28.4637,1.615,4012.952,22.447,9.295,70.2385,67.0392,73.7086,54.617,60.8615,13.0568,16.2037,6.093,7.244,25.3477,3922.713,29.3122,82.527,53.1918,256.053,151.9105,101.5284,57.821,226.6886,126.6077,3.028
United States of America,1962,180533.604,89959.485,91958.324,19.887,97.8264,28.2594,1.522,3934.687,21.67,9.451,70.1035,66.8799,73.59,54.4294,60.7195,12.9233,16.1253,6.0077,7.1611,25.1836,3846.725,29.0407,82.9688,53.5454,258.839,153.6504,102.7944,59.0074,229.8375,128.6316,3.028
United States of America,1963,183302.014,91209.206,93440.667,20.1856,97.6119,28.0109,1.46,3879.329,21.05,9.615,69.9321,66.6342,73.5021,54.1723,60.6283,12.7496,16.0911,5.9129,7.1163,25.103,3792.856,29.0634,84.0157,53.8774,262.3825,155.2745,104.6318,59.7599,233.5486,130.3031,3.193
United States of America,1964,185997.733,92407.515,94869.864,20.4729,97.4045,27.7129,1.367,3815.801,20.409,9.401,70.1896,66.8204,73.8113,54.3296,60.9224,12.9945,16.383,6.1072,7.3181,24.8157,3731.625,28.6661,84.784,53.6231,260.7794,153.8298,105.7682,59.4684,232.275,129.1108,2.68
United States of America,1965,188557.024,93456.821,96246.462,20.7381,97.1016,27.5311,1.208,3581.252,18.913,9.433,70.2417,66.8027,73.9363,54.2412,60.9897,12.9098,16.4207,6.0404,7.3359,24.0749,3504.391,27.8503,84.1116,52.6002,260.717,152.6441,105.9202,59.5907,233.0041,128.6055,2.627
United States of America,1966,190849.542,94280.206,97550.769,20.9707,96.6473,27.4135,1.023,3447.008,17.993,9.51,70.2045,66.6912,73.9665,54.0743,60.9798,12.8512,16.3905,6.0446,7.3358,23.374,3374.99,27.1815,84.9219,52.2101,263.6795,152.3207,108.2418,59.7881,236.6388,128.7362,1.763
United States of America,1967,192812.408,94994.18,98788.258,21.184,96.1594,27.3501,1.001,3374.359,17.435,9.363,70.5187,66.9351,74.3315,54.2205,61.2538,12.9855,16.6331,6.1454,7.5049,22.3173,3306.873,25.8571,84.2282,50.6663,260.8112,149.9715,108.5539,58.9792,234.858,127.4981,1.952
United States of America,1968,194752.468,95778.901,99964.527,21.3984,95.8129,27.3164,1.013,3368.614,17.232,9.664,70.2021,66.5522,74.0829,53.821,60.9863,12.7575,16.4705,6.0554,7.3918,22.0971,3301.942,25.6562,86.6913,51.0874,266.7184,153.1054,112.5209,60.587,240.9852,130.8508,2.57
United States of America,1969,196734.387,96739.524,101119.805,21.6297,95.6682,27.2709,1.137,3463.766,17.533,9.531,70.4785,66.7702,74.3968,53.9737,61.2627,12.9184,16.6902,6.1536,7.5356,21.4038,3397.468,24.8721,86.8691,50.6674,264.4891,150.6437,113.4611,60.0232,239.496,128.8407,3.387
United States of America,1970,198984.271,97960.128,102368.212,21.8996,95.6939,27.2373,1.342,3633.765,18.175,9.419,70.7353,67.016,74.6464,54.1642,61.467,13.0414,16.9036,6.2905,7.7643,20.8825,3565.989,24.1879,84.8968,49.5696,261.373,149.67,111.6685,59.3179,236.9897,128.4573,4.689
United States of America,1971,201672.409,99269.398,103638.519,22.1816,95.7843,27.2911,1.218,3441.896,17.003,9.312,71.0957,67.3885,74.9738,54.3711,61.6555,13.1135,17.0275,6.2796,7.7798,18.7965,3384.391,22.0158,82.1859,47.3376,254.786,145.5567,109.5962,58.3014,232.175,125.9174,4.516
United States of America,1972,204143.425,100432.469,104805.921,22.4363,95.8271,27.3964,1.067,3163.771,15.458,9.379,71.172,67.4161,75.1075,54.3176,61.7121,13.044,17.0085,6.2698,7.8054,17.8223,3113.766,20.9723,80.7054,45.8235,253.7406,143.0512,109.5606,57.4535,232.0138,124.2726,4.621
United States of America,1973,206333.355,101431.988,105882.777,22.6633,95.7965,27.4995,0.947,3051.417,14.752,9.335,71.3883,67.618,75.3225,54.4866,61.891,13.128,17.1486,6.2487,7.818,17.2881,3004.691,20.4256,80.412,44.8166,249.9105,141.28,108.5984,56.2746,228.4882,122.9405,4.072
United States of America,1974,208296.174,102351.67,106926.298,22.8779,95.7217,27.6397,0.938,3068.554,14.69,9.072,71.9499,68.1851,75.8454,54.9899,62.3685,13.384,17.4581,6.3893,8.0103,16.8424,3022.825,19.7699,76.5961,42.4486,240.5581,134.9658,103.8704,53.1836,219.8062,117.168,3.782
United States of America,1975,210259.763,103279.288,107995.247,23.0962,95.6332,27.8787,0.961,3050.973,14.47,8.791,72.5337,68.7214,76.4552,55.424,62.9136,13.6547,17.8822,6.5815,8.3476,15.8654,3008.24,18.6574,73.7278,40.3767,232.3487,129.9153,100.2337,50.6522,212.721,112.9202,3.947
United States of America,1976,212289.308,104203.838,109066.184,23.3143,95.5418,28.2015,0.92,3070.796,14.425,8.783,72.8339,69.0766,76.6751,55.7089,63.0815,13.7297,17.9564,6.5584,8.3239,15.1207,3029.875,17.8474,70.0279,38.7976,225.5429,126.4768,96.2569,48.7706,206.6513,110.0681,3.572
United States of America,1977,214250.736,105208.264,110229.142,23.5513,95.4451,28.5153,1.102,3217.963,14.97,8.655,73.2152,69.4109,77.0859,55.9803,63.4132,13.9343,18.2433,6.6828,8.5633,14.1678,3177.873,16.8329,69.4994,37.4611,220.8134,123.1077,95.0451,47.7808,202.6106,107.6263,4.726
United States of America,1978,216624.075,106342.09,111539.346,23.8184,95.3404,28.7782,1.154,3254.955,14.979,8.692,73.397,69.6189,77.2238,56.1384,63.5215,14.0007,18.2942,6.6694,8.5645,13.6371,3215.971,16.3096,68.4091,36.7615,216.6717,121.0476,93.4328,46.9806,198.9981,105.9023,5.285
United States of America,1979,219138.798,107557.02,112906.095,24.1007,95.2624,28.9608,1.201,3408.374,15.498,8.545,73.8202,70.0081,77.661,56.4689,63.909,14.2466,18.5495,6.8251,8.7566,13.1137,3369.167,15.6336,67.6323,35.4455,212.0888,116.6371,92.2989,44.8052,195.1037,102.0853,5.091
United States of America,1980,221787.432,108839.11,114300.908,24.3933,95.2216,29.0663,1.212,3535.619,15.883,8.776,73.7172,69.9815,77.473,56.3991,63.6862,14.113,18.3117,6.6728,8.5711,12.7015,3496.265,15.1894,67.2554,34.8693,211.4865,116.7544,91.7814,44.6428,194.983,102.5701,5.045
United States of America,1981,224492.604,110063.477,115590.531,24.6681,95.2184,29.2955,1.029,3550.164,15.758,8.639,74.1052,70.4055,77.798,56.742,63.9465,14.296,18.5219,6.7773,8.7212,11.8708,3513.303,14.2462,64.1073,33.4262,205.8287,114.3008,89.0708,43.3905,190.2435,100.8903,3.192
United States of America,1982,226815.412,111224.871,116776.547,24.9247,95.2459,29.5786,1.04,3614.08,15.875,8.535,74.4526,70.8014,78.0753,57.1004,64.1917,14.4184,18.6547,6.8745,8.8763,11.5185,3577.699,13.8044,61.1671,31.988,198.3549,110.6203,84.5597,41.437,183.1596,97.5755,3.08
United States of America,1983,229187.425,112422.192,117967.773,25.1859,95.2991,29.864,1.044,3593.401,15.625,8.644,74.5432,70.9657,78.0839,57.2156,64.1524,14.365,18.5816,6.7828,8.7974,11.0462,3558.75,13.2607,58.6154,30.9835,194.3654,109.5638,81.6348,40.4588,179.7053,97.07,3.477
United States of America,1984,231592.503,113625.443,119140.837,25.4456,95.3707,30.1037,1.009,3631.161,15.623,8.646,74.6658,71.1191,78.1677,57.3389,64.2228,14.4767,18.6253,6.8196,8.8523,10.8879,3596.66,12.9527,58.5511,30.8972,192.229,108.4598,81.6715,40.3628,177.915,96.1124,3.124
United States of America,1985,233940.056,114836.712,120309.47,25.7058,95.4511,30.3774,1.026,3711.74,15.808,8.767,74.6421,71.0775,78.1734,57.3035,64.1987,14.4481,18.5773,6.7484,8.7847,10.8046,3676.751,12.8513,59.4631,30.395,192.4625,107.5518,82.5618,39.8925,178.0712,95.5427,3.233
United States of America,1986,236352.308,116047.278,121465.505,25.9645,95.5393,30.6692,0.977,3714.152,15.659,8.761,74.7218,71.1439,78.2648,57.3369,64.2658,14.5666,18.6399,6.8144,8.8589,10.4094,3680.451,12.4859,62.1722,30.591,191.9329,106.3213,85.3283,40.1805,177.9149,94.5925,2.887
United States of America,1987,238673.258,117240.198,122612.97,26.2204,95.6181,30.967,0.984,3778.718,15.775,8.752,74.8538,71.3124,78.3542,57.4919,64.3432,14.6802,18.703,6.8643,8.8836,10.2547,3744.953,12.3068,61.8178,30.7272,190.0659,105.8479,84.8709,40.0269,176.2031,94.2756,2.828
United States of America,1988,241033.079,118480.825,123806.989,26.4865,95.698,31.2566,1.036,3893.149,16.089,8.857,74.828,71.3183,78.3013,57.4864,64.3028,14.7047,18.6605,6.8016,8.8029,10.2342,3858.433,12.2664,62.8497,31.0081,189.9529,106.1428,86.4527,40.0653,176.2278,94.4024,3.139
United States of America,1989,243542.549,119849.439,125104.655,26.778,95.7993,31.5265,1.153,4029.692,16.476,8.694,75.1038,71.5997,78.5622,57.763,64.5736,14.9747,18.8735,6.98,8.9942,10.2772,3993.604,12.2593,63.0371,30.9396,188.4122,104.299,86.8271,39.4219,174.7766,92.4623,3.76
United States of America,1990,246365.639,121451.448,126632.284,27.1201,95.9088,31.7807,1.385,4139.325,16.727,8.587,75.3699,71.8499,78.8429,57.9548,64.7812,15.1282,19.0377,7.0536,9.1198,9.6789,4104.462,11.5245,62.6855,29.693,185.0328,101.8453,86.6902,38.8166,172.0819,90.8727,5.746
United States of America,1991,249801.825,123229.931,128330.258,27.5002,96.0256,32.0331,1.398,4094.121,16.323,8.559,75.5227,72.032,78.9661,58.1045,64.8681,15.2455,19.1175,7.0882,9.1726,9.2099,4061.345,11.0849,62.0516,29.3465,183.1757,101.201,86.8545,38.9415,170.5903,90.6636,6.256
United States of America,1992,253318.553,125081.499,130093.84,27.8954,96.1471,32.2926,1.455,4050.847,15.931,8.47,75.7776,72.3239,79.1797,58.3293,65.0421,15.403,19.2279,7.1656,9.2729,8.7052,4020.231,10.4376,60.3104,28.4743,180.2423,99.061,86.5258,38.2589,168.4476,88.9889,7.144
United States of America,1993,257032.124,126914.111,131865.642,28.2894,96.245,32.5516,1.351,3990.165,15.471,8.712,75.567,72.1706,78.9318,58.1654,64.7896,15.2917,19.0058,7.0179,9.0499,8.5235,3960.65,10.301,61.3446,28.9902,181.9385,100.1336,88.1594,39.2298,170.2584,90.0723,6.794
United States of America,1994,260527.383,128685.441,133588.148,28.6713,96.33,32.8098,1.332,3945.039,15.093,8.644,75.7377,72.3882,79.0535,58.3455,64.8815,15.4725,19.0836,7.0923,9.0902,8.21,3916.951,9.9137,60.7277,28.7583,180.2622,99.2432,88.4511,39.4796,169.0294,89.5444,6.912
United States of America,1995,264019.794,130409.307,135251.249,29.0416,96.42,33.0659,1.235,3896.07,14.711,8.659,75.8536,72.5842,79.0853,58.5001,64.8763,15.5424,19.0737,7.0964,9.0546,7.7656,3869.86,9.3808,59.1138,28.3329,177.769,98.6145,87.5939,39.47,167.0077,89.335,6.339
United States of America,1996,267301.317,132102.704,136881.644,29.4049,96.5087,33.3041,1.251,3891.445,14.513,8.567,76.1753,73.0712,79.2221,58.9572,64.992,15.6453,19.102,7.1252,9.0563,7.5519,3865.999,9.0728,53.7464,27.2838,168.4513,96.1511,80.4033,38.3166,158.0046,87.1102,6.607
United States of America,1997,270667.378,133841.089,138554.35,29.7778,96.5983,33.5258,1.269,3888.133,14.321,8.467,76.498,73.5431,79.3787,59.4108,65.1256,15.7468,19.1551,7.152,9.0568,7.4194,3863.162,8.8415,49.3938,26.1945,159.6998,94.1702,74.0084,37.1426,149.4403,85.4015,6.876
United States of America,1998,274123.499,135608.335,140226.682,30.1538,96.7065,33.74,1.241,3945.474,14.348,8.446,76.66,73.8092,79.4332,59.6665,65.1835,15.8452,19.1221,7.1842,9.008,7.4814,3919.919,8.8529,47.3099,25.8334,155.699,92.347,71.5791,36.5262,145.5614,83.543,6.546
United States of America,1999,277546.536,137352.055,141829.526,30.5197,96.8431,33.9506,1.171,3981.083,14.3,8.545,76.6718,73.9214,79.3487,59.7626,65.0784,15.8755,19.0082,7.1404,8.8744,7.305,3955.916,8.6675,46.2812,25.5422,154.7028,92.3933,70.8732,36.8056,144.7664,83.8179,5.991
United States of America,2000,280816.627,139026.949,143371.604,30.8714,96.9697,34.1542,1.12,4074.588,14.463,8.485,76.8114,74.1196,79.43,59.9459,65.1411,16.0526,19.0542,7.2097,8.8823,7.1764,4049.291,8.4745,45.9576,25.1237,153.6377,91.722,71.0776,36.8538,143.8936,83.3689,5.252
United States of America,2001,283980.481,140590.134,144880.36,31.2072,97.0388,34.3518,1.044,4047.723,14.211,8.438,76.9285,74.2676,79.5217,60.067,65.2109,16.2256,19.1523,7.3086,8.9199,6.9039,4023.563,8.2222,46.703,25.1931,153.7322,92.2226,72.303,37.7587,144.3301,84.1385,4.69
United States of America,2002,286960.506,142009.475,146340.778,31.522,97.0403,34.5344,0.964,4044.209,14.054,8.456,77.0005,74.3512,79.5898,60.1568,65.2799,16.333,19.2062,7.3205,8.9191,7.0229,4019.646,8.2621,46.5498,25.1049,153.8416,91.8135,72.1545,38.0665,144.3814,83.7263,4.061
United States of America,2003,289739.998,143359.093,147750.727,31.8237,97.0277,34.7054,0.941,4103.255,14.12,8.391,77.1536,74.5344,79.7145,60.3453,65.3945,16.5276,19.3328,7.4388,8.9951,7.0006,4078.414,8.2591,46.3301,25.0274,153.418,91.5324,71.9132,38.0762,143.9192,83.5796,3.698
United States of America,2004,292479.643,144773.306,149174.579,32.1339,97.0496,34.8835,0.999,4127.653,14.07,8.152,77.5581,74.9718,80.0754,60.7667,65.7613,16.8712,19.6309,7.6479,9.2183,6.9396,4102.886,8.1426,45.4054,24.5787,149.8471,89.4768,69.9994,37.3545,140.5568,81.4694,4.092
United States of America,2005,295416.128,146223.494,150619.176,32.4504,97.0816,35.0844,0.961,4165.894,14.059,8.242,77.5573,74.9672,80.0935,60.7715,65.777,16.9368,19.6411,7.6563,9.1794,7.039,4140.534,8.2337,46.1109,24.5979,151.316,89.5129,70.7338,37.5181,141.9394,81.5429,3.812
United States of America,2006,298269.212,147672.726,152080.372,32.7685,97.1018,35.306,0.99,4277.082,14.292,8.095,77.8386,75.2603,80.3614,61.0451,66.0444,17.2153,19.897,7.8395,9.3702,6.9984,4251.197,8.1516,46.3879,24.5783,150.2039,88.8571,70.5851,37.3256,141.0895,80.9274,3.72
United States of America,2007,301236.984,149147.06,153596.338,33.0954,97.1033,35.5276,0.995,4324.121,14.307,8.006,78.1004,75.5431,80.6025,61.3341,66.2904,17.4199,20.0789,7.9818,9.501,7.0126,4297.898,8.1862,45.5579,24.3441,147.7699,87.4254,68.7058,36.4877,138.595,79.4464,3.668
United States of America,2008,304249.813,150592.79,155102.12,33.4181,97.0927,35.7341,0.945,4264.295,13.974,8.094,78.1958,75.6932,80.6492,61.4546,66.3088,17.4593,20.0602,8.0208,9.4785,6.7649,4239.362,7.9195,44.0502,23.4178,145.6466,86.3397,66.8134,35.9769,136.8187,78.6913,3.591
United States of America,2009,307140.007,151968.684,156543.351,33.726,97.0777,35.9148,0.889,4150.728,13.476,7.914,78.564,76.0823,80.9874,61.8228,66.6278,17.7689,20.4075,8.2627,9.7659,6.533,4127.304,7.6176,42.5397,23.3896,143.5433,86.4412,65.1415,36.1118,134.9781,79.0413,3.347
United States of America,2010,309884.064,153272.866,157909.979,34.018,97.0634,36.0627,0.835,4036.757,12.994,7.95,78.7724,76.3249,81.1662,62.0275,66.7757,17.8512,20.4614,8.3057,9.7753,6.185,4015.207,7.2457,41.1526,22.5602,140.0094,84.2196,63.0544,34.7421,131.8758,77.1791,3.318
United States of America,2011,312481.626,154669.482,159207.127,34.3125,97.1498,36.1832,0.889,3986.301,12.727,8.042,78.82,76.4103,81.1823,62.1016,66.7838,17.9523,20.4945,8.3592,9.7703,6.0358,3965.541,7.0864,41.3069,22.629,140.1478,84.87,63.0544,35.0703,132.1449,77.9263,4.222
United States of America,2012,315271.591,156181.261,160470.06,34.6158,97.3274,36.2879,0.871,3982.539,12.604,8.059,78.9441,76.5397,81.31,62.2236,66.9039,18.0792,20.6108,8.4648,9.8554,5.9812,3961.989,7.0321,41.0866,22.4533,139.2447,84.5315,62.267,34.607,131.3374,77.6865,4.188
United States of America,2013,318031.051,157662.346,161712.82,34.9136,97.4953,36.3848,0.842,3966.458,12.446,8.155,78.9507,76.5453,81.3302,62.2242,66.9165,18.0881,20.6404,8.4924,9.8894,5.918,3946.21,6.9341,40.9141,22.4342,139.1415,84.8522,62.2107,34.636,131.2939,78.0922,4.144
United States of America,2014,320719.281,159103.717,162930.247,35.2042,97.6514,36.4793,0.816,4003.811,12.457,8.168,79.0175,76.6042,81.4136,62.27,66.9899,18.2022,20.7893,8.6191,10.0238,5.8323,3983.673,6.7888,41.538,22.6591,139.5982,86.0047,62.7451,35.1764,131.9018,79.382,3.892
United States of America,2015,323348.646,160493.394,164114.382,35.4856,97.7936,36.5863,0.776,3995.991,12.334,8.332,78.8694,76.4419,81.2957,62.1145,66.8816,18.1814,20.7312,8.6141,9.9681,5.8668,3975.771,6.8635,43.9406,23.6358,142.1068,87.1737,65.2723,36.0444,134.3378,80.4309,3.771
United States of America,2016,325866.907,161895.324,165314.874,35.7701,97.9315,36.7112,0.821,3957.371,12.122,8.332,78.8482,76.3521,81.3573,62.0195,66.948,18.3273,20.9122,8.7799,10.1384,5.8322,3937.466,6.843,47.3001,25.0214,146.2149,88.8975,69.6924,37.5662,138.5347,82.1122,4.44
United States of America,2017,328553.489,163282.016,166509.214,36.0522,98.0619,36.8625,0.751,3869.955,11.761,8.424,78.8213,76.3114,81.3584,61.9737,66.9306,18.3242,20.9034,8.7725,10.1302,5.7141,3850.89,6.6808,48.0814,25.1097,146.8981,88.6246,70.9289,37.826,139.2666,82.0479,4.187
United States of America,2018,331028.972,164538.32,167601.718,36.309,98.1722,37.049,0.669,3801.511,11.468,8.387,78.9896,76.4727,81.5403,62.1242,67.0982,18.4109,21.0259,8.8969,10.2244,5.5757,3783.242,6.5333,46.672,24.7202,145.0453,87.0471,69.7017,37.2389,137.5434,80.6332,3.622
United States of America,2019,333251.103,165698.83,168620.84,36.5473,98.2671,37.2545,0.639,3756.83,11.258,8.325,79.138,76.5983,81.7192,62.2401,67.2787,18.5641,21.2018,9.0346,10.3672,5.5351,3738.909,6.4664,46.8916,24.7105,145.1225,86.1246,70.5015,37.1715,137.7418,79.7042,3.472
United States of America,2020,335388.238,166504.407,169437.597,36.7246,98.2689,37.4674,0.33,3670.49,10.939,9.651,77.4144,74.6419,80.3081,60.2644,65.8504,17.3378,20.1191,8.2723,9.6049,5.4627,3653.213,6.3817,54.5418,27.3052,167.1966,95.6818,84.5327,42.6693,160.0225,89.4132,2.013
United States of America,2021,336495.769,166941.642,170055.983,36.84,98.1686,37.6833,0.298,3722.822,11.056,9.743,77.1982,74.2999,80.238,59.9022,65.7713,17.5116,20.4795,8.6438,10.2245,5.3909,3705.532,6.2976,56.7395,28.3849,179.2947,105.7813,86.1811,44.7961,172.4367,99.6825,1.668
United States of America,2022,337499.479,167498.138,170791.72,36.9813,98.0716,37.889,0.467,3726.867,11.033,9.31,78.2028,75.4794,81.0153,61.0529,66.5246,18.0699,20.889,8.8654,10.3772,5.0351,3710.714,5.9188,51.1066,26.0304,162.6489,96.8752,77.8559,41.03,156.0919,91.0484,2.956
United States of America,2023,339080.235,168295.333,171701.23,37.1679,98.0164,38.0989,0.539,3745.361,11.032,8.579,79.7384,77.2714,82.2333,62.8563,67.7361,18.9103,21.4998,9.1248,10.4902,4.8988,3729.572,5.8421,44.2837,23.0976,137.2823,82.1789,66.1509,35.331,130.5566,76.4217,2.945
